state_code,state,district_code,district,city_code,city,city_type_code
35,Andaman And Nicobar Islands,603,Nicobars,,,
35,Andaman And Nicobar Islands,632,North And Middle Andaman,,,
35,Andaman And Nicobar Islands,602,South Andamans,253098,Port Blair,5
28,Andhra Pradesh,745,Alluri Sitharama Raju,,,
28,Andhra Pradesh,744,Anakapalli,251716,Narsipatnam,5
28,Andhra Pradesh,744,Anakapalli,251719,Visakhapatnam,4
28,Andhra Pradesh,744,Anakapalli,258054,Yelamanchili,5
28,Andhra Pradesh,502,Ananthapuramu,248112,Anantapur,4
28,Andhra Pradesh,502,Ananthapuramu,251797,Gooty,5
28,Andhra Pradesh,502,Ananthapuramu,248113,Guntakal,5
28,Andhra Pradesh,502,Ananthapuramu,251799,Kalyandurg,5
28,Andhra Pradesh,502,Ananthapuramu,253252,Pamidi,7
28,Andhra Pradesh,502,Ananthapuramu,248117,Rayadurg,5
28,Andhra Pradesh,502,Ananthapuramu,248114,Tadipatri,5
28,Andhra Pradesh,753,Annamayya,299714,B Kothakota,7
28,Andhra Pradesh,753,Annamayya,248119,Madanapalli,5
28,Andhra Pradesh,753,Annamayya,248120,Punganur,5
28,Andhra Pradesh,753,Annamayya,251786,Rayachoti,5
28,Andhra Pradesh,750,Bapatla,251760,Bapatla,5
28,Andhra Pradesh,750,Bapatla,251763,Chirala,5
28,Andhra Pradesh,750,Bapatla,251761,Repalle,5
28,Andhra Pradesh,503,Chittoor,248122,Chittoor,4
28,Andhra Pradesh,503,Chittoor,296257,Kuppam,5
28,Andhra Pradesh,503,Chittoor,248125,Nagari,5
28,Andhra Pradesh,503,Chittoor,248123,Palamaner,5
28,Andhra Pradesh,747,Dr. B.R. Ambedkar Konaseema,251735,Amalapuram,5
28,Andhra Pradesh,747,Dr. B.R. Ambedkar Konaseema,277315,Mummidivaram,7
28,Andhra Pradesh,747,Dr. B.R. Ambedkar Konaseema,251733,Ramachandrapuram,5
28,Andhra Pradesh,505,East Godavari,251736,Kovvur,5
28,Andhra Pradesh,505,East Godavari,251732,Mandapeta,5
28,Andhra Pradesh,505,East Godavari,251737,Nidadavole,5
28,Andhra Pradesh,505,East Godavari,251725,Rajahmundry,4
28,Andhra Pradesh,748,Eluru,299715,Chinthalapudi,7
28,Andhra Pradesh,748,Eluru,251739,Eluru,4
28,Andhra Pradesh,748,Eluru,257906,Jangareddygudem,5
28,Andhra Pradesh,748,Eluru,251745,Nuzvid,5
28,Andhra Pradesh,506,Guntur,251757,Guntur,4
28,Andhra Pradesh,506,Guntur,251752,Mangalagiri Tadepalli,4
28,Andhra Pradesh,506,Guntur,251759,Ponnuru,5
28,Andhra Pradesh,506,Guntur,251758,Tenali,5
28,Andhra Pradesh,746,Kakinada,277316,Gollaprolu,7
28,Andhra Pradesh,746,Kakinada,251731,Kakinada,4
28,Andhra Pradesh,746,Kakinada,251724,Peddapuram,5
28,Andhra Pradesh,746,Kakinada,251728,Pithapuram,5
28,Andhra Pradesh,746,Kakinada,251727,Samalkot,5
28,Andhra Pradesh,746,Kakinada,251722,Tuni,5
28,Andhra Pradesh,746,Kakinada,277317,Yeleswaram,7
28,Andhra Pradesh,510,Krishna,251747,Gudivada,5
28,Andhra Pradesh,510,Krishna,251750,Machilipatnam Municipal Corporation,4
28,Andhra Pradesh,510,Krishna,251749,Pedana,5
28,Andhra Pradesh,510,Krishna,254923,Vuyyuru,7
28,Andhra Pradesh,510,Krishna,299612,Ysr Tadigadapa,5
28,Andhra Pradesh,511,Kurnool,251792,Adoni,5
28,Andhra Pradesh,511,Kurnool,251773,Gudur (Kurnool),7
28,Andhra Pradesh,511,Kurnool,251789,Kurnool,4
28,Andhra Pradesh,511,Kurnool,251787,Yemmiganur,5
28,Andhra Pradesh,790,Markapuram,257869,Giddalur,7
28,Andhra Pradesh,790,Markapuram,253295,Kanigiri,5
28,Andhra Pradesh,790,Markapuram,251762,Markapur,5
28,Andhra Pradesh,790,Markapuram,299716,Podili,7
28,Andhra Pradesh,755,Nandyal,253272,Allagadda,5
28,Andhra Pradesh,755,Nandyal,253270,Atmakur (Kurnool),5
28,Andhra Pradesh,755,Nandyal,296260,Bethamcherla,7
28,Andhra Pradesh,755,Nandyal,253169,Dhone(M),5
28,Andhra Pradesh,755,Nandyal,253273,Nandikotkur,5
28,Andhra Pradesh,755,Nandyal,251795,Nandyal,5
28,Andhra Pradesh,749,Ntr,277319,Jaggiahpet,5
28,Andhra Pradesh,749,Ntr,296264,Kondapalli,5
28,Andhra Pradesh,749,Ntr,254922,Nandigama,5
28,Andhra Pradesh,749,Ntr,254924,Tiruvuru,7
28,Andhra Pradesh,749,Ntr,251746,Vijayawada Municipal Corporation,4
28,Andhra Pradesh,751,Palnadu,251756,Chilakaluripeta,5
28,Andhra Pradesh,751,Palnadu,296261,Dachepalli,7
28,Andhra Pradesh,751,Palnadu,296262,Gurajala,7
28,Andhra Pradesh,751,Palnadu,251751,Macherla,5
28,Andhra Pradesh,751,Palnadu,251755,Narasaraopeta,5
28,Andhra Pradesh,751,Palnadu,253167,Piduguralla,5
28,Andhra Pradesh,751,Palnadu,251753,Sattenapalle,5
28,Andhra Pradesh,751,Palnadu,251754,Vinukonda,5
28,Andhra Pradesh,743,Parvathipuram Manyam,257967,Palakonda,7
28,Andhra Pradesh,743,Parvathipuram Manyam,251701,Parvathipuram,5
28,Andhra Pradesh,743,Parvathipuram Manyam,251703,Salur,5
28,Andhra Pradesh,791,Polavaram,,,
28,Andhra Pradesh,517,Prakasam,257868,Addanki,5
28,Andhra Pradesh,517,Prakasam,253274,Chimakurthy,5
28,Andhra Pradesh,517,Prakasam,296263,Darsi,7
28,Andhra Pradesh,517,Prakasam,251768,Kandukur,5
28,Andhra Pradesh,517,Prakasam,251766,Ongole,4
28,Andhra Pradesh,517,Prakasam,299716,Podili,7
28,Andhra Pradesh,515,Sri Potti Sriramulu Nellore,299713,Alluru,7
28,Andhra Pradesh,515,Sri Potti Sriramulu Nellore,258033,Atmakur,5
28,Andhra Pradesh,515,Sri Potti Sriramulu Nellore,296328,Buchireddypalem,7
28,Andhra Pradesh,515,Sri Potti Sriramulu Nellore,263068,Gudur,5
28,Andhra Pradesh,515,Sri Potti Sriramulu Nellore,251770,Kavali,5
28,Andhra Pradesh,515,Sri Potti Sriramulu Nellore,251772,Nellore Municipal Corporation,4
28,Andhra Pradesh,754,Sri Sathya Sai,248115,Dharmavaram,5
28,Andhra Pradesh,754,Sri Sathya Sai,248118,Hindupur,5
28,Andhra Pradesh,754,Sri Sathya Sai,248116,Kadiri,5
28,Andhra Pradesh,754,Sri Sathya Sai,253253,Madakasira,7
28,Andhra Pradesh,754,Sri Sathya Sai,296250,Penukonda,7
28,Andhra Pradesh,754,Sri Sathya Sai,253254,Puttaparthi,5
28,Andhra Pradesh,519,Srikakulam,251699,Amadalavalasa,5
28,Andhra Pradesh,519,Srikakulam,251696,Ichapuram,5
28,Andhra Pradesh,519,Srikakulam,251695,Palasa Kasibugga,5
28,Andhra Pradesh,519,Srikakulam,251700,Srikakulam,4
28,Andhra Pradesh,752,Tirupati,263068,Gudur,5
28,Andhra Pradesh,752,Tirupati,257831,Naidupeta,5
28,Andhra Pradesh,752,Tirupati,248126,Puttur,5
28,Andhra Pradesh,752,Tirupati,248124,Srikalahasti,5
28,Andhra Pradesh,752,Tirupati,253227,Sullurupeta,5
28,Andhra Pradesh,752,Tirupati,248121,Tirupati,4
28,Andhra Pradesh,752,Tirupati,251774,Venkatagiri,5
28,Andhra Pradesh,520,Visakhapatnam,251719,Visakhapatnam,4
28,Andhra Pradesh,521,Vizianagaram,251702,Bobbili,5
28,Andhra Pradesh,521,Vizianagaram,251711,Nellimarla,7
28,Andhra Pradesh,521,Vizianagaram,251698,Rajam,5
28,Andhra Pradesh,521,Vizianagaram,251709,Vizianagaram Municipal Corporation,4
28,Andhra Pradesh,523,West Godavari,296256,Akiveedu,7
28,Andhra Pradesh,523,West Godavari,251741,Bhimavaram,5
28,Andhra Pradesh,523,West Godavari,251742,Narasapur,5
28,Andhra Pradesh,523,West Godavari,251743,Palacole,5
28,Andhra Pradesh,523,West Godavari,251738,Tadepalligudem,5
28,Andhra Pradesh,523,West Godavari,251740,Tanuku,5
28,Andhra Pradesh,504,Y.S.R. Kadapa,248111,Badvel,5
28,Andhra Pradesh,504,Y.S.R. Kadapa,251782,Cuddapah,4
28,Andhra Pradesh,504,Y.S.R. Kadapa,251780,Jammalamadugu,7
28,Andhra Pradesh,504,Y.S.R. Kadapa,296259,Kamalapuram,7
28,Andhra Pradesh,504,Y.S.R. Kadapa,253297,Mydukur,5
28,Andhra Pradesh,504,Y.S.R. Kadapa,251778,Proddatur,5
28,Andhra Pradesh,504,Y.S.R. Kadapa,253101,Pulivendula,5
28,Andhra Pradesh,504,Y.S.R. Kadapa,253102,Rajampet,5
28,Andhra Pradesh,504,Y.S.R. Kadapa,251781,Yerraguntla,7
12,Arunachal Pradesh,628,Anjaw,299588,Hayuliang,7
12,Arunachal Pradesh,787,Bichom,,,
12,Arunachal Pradesh,229,Changlang,299586,Bordumsa,7
12,Arunachal Pradesh,229,Changlang,249712,Jairampur,7
12,Arunachal Pradesh,229,Changlang,299590,Kharsang,7
12,Arunachal Pradesh,230,Dibang Valley,249711,Changlang,7
12,Arunachal Pradesh,231,East Kameng,299587,Chayangtajo,7
12,Arunachal Pradesh,231,East Kameng,249700,Seppa,7
12,Arunachal Pradesh,232,East Siang,249707,Pasighat,7
12,Arunachal Pradesh,232,East Siang,276622,Pasighat,5
12,Arunachal Pradesh,232,East Siang,299592,Ruksin,7
12,Arunachal Pradesh,718,Kamle,299585,Raga,7
12,Arunachal Pradesh,786,Keyi Panyor,299596,Yachuli,7
12,Arunachal Pradesh,677,Kra Daadi,,,
12,Arunachal Pradesh,233,Kurung Kumey,299594,Sangram,7
12,Arunachal Pradesh,724,Leparada,249706,Basar,7
12,Arunachal Pradesh,234,Lohit,249709,Tezu,7
12,Arunachal Pradesh,666,Longding,,,
12,Arunachal Pradesh,235,Lower Dibang Valley,249708,Roing,7
12,Arunachal Pradesh,719,Lower Siang,,,
12,Arunachal Pradesh,236,Lower Subansiri,299596,Yachuli,7
12,Arunachal Pradesh,236,Lower Subansiri,249703,Ziro,7
12,Arunachal Pradesh,678,Namsai,249710,Namsai,7
12,Arunachal Pradesh,723,Pakke Kessang,299591,Lemmi,7
12,Arunachal Pradesh,237,Papum Pare,299584,Doimukh,7
12,Arunachal Pradesh,237,Papum Pare,249701,Itanagar,7
12,Arunachal Pradesh,237,Papum Pare,276621,Itanagar,4
12,Arunachal Pradesh,237,Papum Pare,299583,Kimin,7
12,Arunachal Pradesh,237,Papum Pare,249702,Naharlagun,7
12,Arunachal Pradesh,725,Shi Yomi,299597,Mechuka,7
12,Arunachal Pradesh,725,Shi Yomi,299595,Tato,7
12,Arunachal Pradesh,679,Siang,,,
12,Arunachal Pradesh,238,Tawang,249698,Tawang,7
12,Arunachal Pradesh,239,Tirap,249713,Deomali,7
12,Arunachal Pradesh,239,Tirap,249714,Khonsa,7
12,Arunachal Pradesh,240,Upper Siang,,,
12,Arunachal Pradesh,241,Upper Subansiri,249704,Daporijo,7
12,Arunachal Pradesh,241,Upper Subansiri,299582,Dumporijo,7
12,Arunachal Pradesh,242,West Kameng,249699,Bomdila,7
12,Arunachal Pradesh,242,West Kameng,299589,Kalaktang,7
12,Arunachal Pradesh,242,West Kameng,299593,Rupa,7
12,Arunachal Pradesh,243,West Siang,249705,Along,7
18,Assam,739,Bajali,262892,Patacharkuchi,7
18,Assam,739,Bajali,249847,Pathsala,7
18,Assam,616,Baksa,277147,Goreswar,7
18,Assam,280,Barpeta,249843,Barpeta,5
18,Assam,280,Barpeta,249841,Barpeta Road,5
18,Assam,280,Barpeta,249844,Howli,7
18,Assam,280,Barpeta,249842,Sarbhog,7
18,Assam,280,Barpeta,249846,Sarthebari,7
18,Assam,705,Biswanath,249879,Biswanath Chariali,5
18,Assam,705,Biswanath,249880,Gohpur,7
18,Assam,281,Bongaigaon,249838,Abhayapuri,7
18,Assam,281,Bongaigaon,249836,Bongaigaon,5
18,Assam,282,Cachar,249939,Lakhipur Municipality,5
18,Assam,282,Cachar,249933,Silchar,5
18,Assam,282,Cachar,277152,Sonai,7
18,Assam,282,Cachar,289552,Sonai,5
18,Assam,708,Charaideo,249902,Moran Town,5
18,Assam,708,Charaideo,249908,Sonari,5
18,Assam,612,Chirang,249823,Basugaon,7
18,Assam,612,Chirang,249839,Bijni,7
18,Assam,612,Chirang,296999,Kajalgaon Tc,7
18,Assam,283,Darrang,249861,Kharupatia,7
18,Assam,283,Darrang,249860,Mangaldoi,5
18,Assam,283,Darrang,296992,Sipajhar Mb,5
18,Assam,284,Dhemaji,249883,Dhemaji,7
18,Assam,284,Dhemaji,249884,Silapathar,7
18,Assam,285,Dhubri,300488,Bilasipara Tc,7
18,Assam,285,Dhubri,300489,Chapar Tc,7
18,Assam,285,Dhubri,300490,Chapar Tc,7
18,Assam,285,Dhubri,249827,Dhubri,5
18,Assam,285,Dhubri,249826,Gauripur,7
18,Assam,285,Dhubri,300491,Golokganj Tc,7
18,Assam,285,Dhubri,249828,Sapatgram,7
18,Assam,286,Dibrugarh,249898,Chabua,7
18,Assam,286,Dibrugarh,249896,Dibrugarh,5
18,Assam,286,Dibrugarh,249903,Naharkatiya,7
18,Assam,286,Dibrugarh,249904,Namrup,7
18,Assam,299,Dima Hasao,249930,Haflong,7
18,Assam,299,Dima Hasao,249931,Mahur,7
18,Assam,299,Dima Hasao,249932,Maibong,7
18,Assam,299,Dima Hasao,249929,Umrangso,7
18,Assam,287,Goalpara,249834,Goalpara,5
18,Assam,287,Goalpara,300492,Lakhipur Tc,7
18,Assam,288,Golaghat,249922,Barpathar,7
18,Assam,288,Golaghat,277144,Bokakhat,5
18,Assam,288,Golaghat,300494,Bokakhat Tc,7
18,Assam,288,Golaghat,249918,Dergaon,5
18,Assam,288,Golaghat,249919,Golaghat,5
18,Assam,288,Golaghat,249921,Sarupathar,7
18,Assam,289,Hailakandi,249944,Hailakandi,5
18,Assam,289,Hailakandi,249945,Lala,7
18,Assam,709,Hojai,249871,Doboka,7
18,Assam,709,Hojai,249870,Hojai,5
18,Assam,709,Hojai,249872,Lumding,5
18,Assam,290,Jorhat,249912,Jorhat,5
18,Assam,290,Jorhat,249915,Mariani,7
18,Assam,290,Jorhat,263017,Teoktc,7
18,Assam,290,Jorhat,249916,Titabor Town,7
18,Assam,291,Kamrup,249855,North Guwahati,7
18,Assam,291,Kamrup,249851,Palasbari,5
18,Assam,291,Kamrup,277143,Rangia,5
18,Assam,618,Kamrup Metro,249854,Guwahati,4
18,Assam,292,Karbi Anglong,253264,Bakalia,7
18,Assam,292,Karbi Anglong,249926,Bokajan,7
18,Assam,292,Karbi Anglong,299966,Deithor Town Committee,7
18,Assam,292,Karbi Anglong,249925,Diphu,7
18,Assam,292,Karbi Anglong,249928,Dokmoka,7
18,Assam,292,Karbi Anglong,299967,Dolamara Town Committee,7
18,Assam,292,Karbi Anglong,249927,Howraghat,7
18,Assam,292,Karbi Anglong,277148,Langhin,7
18,Assam,292,Karbi Anglong,299968,Manja Town Committee,7
18,Assam,292,Karbi Anglong,299969,Phuloni Centre Town Committee,7
18,Assam,292,Karbi Anglong,299970,Rongmongve Town Committee,7
18,Assam,292,Karbi Anglong,299971,Samelangso Town Committee,7
18,Assam,294,Kokrajhar,249821,Gossaigaon,7
18,Assam,294,Kokrajhar,300487,Kokrajhar Mb,5
18,Assam,295,Lakhimpur,249881,Bihpuria,5
18,Assam,295,Lakhimpur,253211,Dhakuakhana,7
18,Assam,295,Lakhimpur,253212,Narayanpur,7
18,Assam,295,Lakhimpur,249882,North Lakhimpur,5
18,Assam,706,Majuli,,,
18,Assam,296,Marigaon,249864,Marigaon,5
18,Assam,297,Nagaon,277145,Dhing,5
18,Assam,297,Nagaon,249869,Kampur Town,7
18,Assam,297,Nagaon,300495,Lanka Mb,7
18,Assam,297,Nagaon,249866,Nagaon,5
18,Assam,297,Nagaon,271990,Raha,7
18,Assam,298,Nalbari,249858,Nalbari,5
18,Assam,298,Nalbari,249857,Tihu,7
18,Assam,300,Sivasagar,249906,Amguri,5
18,Assam,300,Sivasagar,277146,Demow,7
18,Assam,300,Sivasagar,249907,Nazira,5
18,Assam,300,Sivasagar,249905,Sibsagar,5
18,Assam,300,Sivasagar,253214,Simaluguri,7
18,Assam,301,Sonitpur,249875,Dhekiajuli,5
18,Assam,301,Sonitpur,296973,Jamugurihat Mb,5
18,Assam,301,Sonitpur,300493,Jamugurihat Tc,7
18,Assam,301,Sonitpur,249876,Rangapara,7
18,Assam,301,Sonitpur,277151,Sootea,7
18,Assam,301,Sonitpur,249877,Tezpur,5
18,Assam,707,South Salmara Mancachar,,,
18,Assam,293,Sribhumi,249941,Badarpur,7
18,Assam,293,Sribhumi,249940,Karimganj,5
18,Assam,293,Sribhumi,302545,Patharkandi,5
18,Assam,293,Sribhumi,277150,Ramkrishna Nagar,7
18,Assam,293,Sribhumi,289553,Ramkrishnanagar,5
18,Assam,756,Tamulpur,,,
18,Assam,302,Tinsukia,259861,Chapakhowa,7
18,Assam,302,Tinsukia,249890,Digboi,7
18,Assam,302,Tinsukia,249886,Doom Dooma,7
18,Assam,302,Tinsukia,249887,Makum,7
18,Assam,302,Tinsukia,249892,Margherita,7
18,Assam,302,Tinsukia,249888,Tinsukia,5
18,Assam,617,Udalguri,249859,Tangla,7
18,Assam,617,Udalguri,249862,Udalguri,7
18,Assam,710,West Karbi Anglong,301400,Baithalangso,7
18,Assam,710,West Karbi Anglong,249924,Donkamokam,7
18,Assam,710,West Karbi Anglong,249923,Hamren,7
10,Bihar,188,Araria,249587,Araria,5
10,Bihar,188,Araria,249586,Forbesganj,5
10,Bihar,188,Araria,249585,Jogabani,5
10,Bihar,188,Araria,299113,Jokihat,7
10,Bihar,188,Araria,299112,Narpatganj,7
10,Bihar,188,Araria,299114,Raniganj,7
10,Bihar,611,Arwal,253281,Arwal,5
10,Bihar,611,Arwal,299116,Kurtha,7
10,Bihar,189,Aurangabad,290025,Aurangabad,5
10,Bihar,189,Aurangabad,299118,Barun,7
10,Bihar,189,Aurangabad,249674,Daudnagar,5
10,Bihar,189,Aurangabad,299117,Deo,7
10,Bihar,189,Aurangabad,305270,JAMHAUR,7
10,Bihar,189,Aurangabad,305834,MADANPUR,7
10,Bihar,189,Aurangabad,249678,Nabinagar,7
10,Bihar,189,Aurangabad,249675,Rafiganj,7
10,Bihar,190,Banka,249632,Amarpur,7
10,Bihar,190,Banka,249633,Banka,5
10,Bihar,190,Banka,300565,Bounsi,7
10,Bihar,190,Banka,299121,Katoria,7
10,Bihar,191,Begusarai,277129,Bakhri,5
10,Bihar,191,Begusarai,277136,Balia,5
10,Bihar,191,Begusarai,300544,Barauni,5
10,Bihar,191,Begusarai,249624,Begusarai,4
10,Bihar,191,Begusarai,276643,Bihat,5
10,Bihar,191,Begusarai,277130,Teghara,5
10,Bihar,192,Bhagalpur,299131,Akbarnagar,7
10,Bihar,192,Bhagalpur,249630,Bhagalpur,4
10,Bihar,192,Bhagalpur,299123,Habibpur,7
10,Bihar,192,Bhagalpur,277134,Kahalgaon,7
10,Bihar,192,Bhagalpur,249627,Naugachhia,5
10,Bihar,192,Bhagalpur,299135,Pirpainti,7
10,Bihar,192,Bhagalpur,299126,Sabour,7
10,Bihar,192,Bhagalpur,249629,Sultanganj,5
10,Bihar,193,Bhojpur,249659,Arrah,4
10,Bihar,193,Bhojpur,249661,Behea,7
10,Bihar,193,Bhojpur,299146,Garhani,7
10,Bihar,193,Bhojpur,249662,Jagdishpur,7
10,Bihar,193,Bhojpur,249660,Koilwar,7
10,Bihar,193,Bhojpur,249663,Piro,5
10,Bihar,193,Bhojpur,249658,Shahpur,7
10,Bihar,194,Buxar,300545,Brahmpur,7
10,Bihar,194,Buxar,249665,Buxar,5
10,Bihar,194,Buxar,300546,Chausa,7
10,Bihar,194,Buxar,249664,Dumraon,5
10,Bihar,194,Buxar,300547,Itarhi,7
10,Bihar,195,Darbhanga,301283,Baheri,7
10,Bihar,195,Darbhanga,276642,Benipur,5
10,Bihar,195,Darbhanga,299170,Bharwara,7
10,Bihar,195,Darbhanga,301284,Biraul,7
10,Bihar,195,Darbhanga,249600,Darbhanga,4
10,Bihar,195,Darbhanga,301285,GHANSHYAMPUR,7
10,Bihar,195,Darbhanga,301277,HAYAGHAT,7
10,Bihar,195,Darbhanga,301286,Jale,5
10,Bihar,195,Darbhanga,299158,KAMTAUL Ahiyari,7
10,Bihar,195,Darbhanga,301276,KUSHESWAR ASTHAN EAST,7
10,Bihar,195,Darbhanga,301272,SINGHWARA,7
10,Bihar,196,Gaya,249683,Bodh Gaya,5
10,Bihar,196,Gaya,299185,Dobhi,7
10,Bihar,196,Gaya,299188,Fatehpur,7
10,Bihar,196,Gaya,249680,Gaya,4
10,Bihar,196,Gaya,299186,Imamganj,7
10,Bihar,196,Gaya,299187,Khizarsarai,7
10,Bihar,196,Gaya,249682,Sherghati,5
10,Bihar,196,Gaya,249679,Tekari,5
10,Bihar,196,Gaya,299189,Wazirganj,7
10,Bihar,197,Gopalganj,277131,Barauli,5
10,Bihar,197,Gopalganj,249606,Gopalganj,5
10,Bihar,197,Gopalganj,299138,Hathua,7
10,Bihar,197,Gopalganj,249604,Kataiya,7
10,Bihar,197,Gopalganj,249605,Mirganj,5
10,Bihar,198,Jamui,249687,Jamui,5
10,Bihar,198,Jamui,249688,Jhajha,5
10,Bihar,198,Jamui,299198,Sikandra,7
10,Bihar,199,Jehanabad,300548,Ghoshi,7
10,Bihar,199,Jehanabad,249672,Jehanabad,5
10,Bihar,199,Jehanabad,301334,KAKO,7
10,Bihar,199,Jehanabad,249673,Makhdumpur,7
10,Bihar,200,Kaimur (Bhabua),249666,Bhabua,5
10,Bihar,200,Kaimur (Bhabua),299203,Hata,7
10,Bihar,200,Kaimur (Bhabua),299204,Kudra,7
10,Bihar,200,Kaimur (Bhabua),276648,Mohaniya,7
10,Bihar,200,Kaimur (Bhabua),299206,Ramgarh,7
10,Bihar,201,Katihar,301385,AMDABAD,7
10,Bihar,201,Katihar,301330,BARARI,7
10,Bihar,201,Katihar,299212,Balrampur,7
10,Bihar,201,Katihar,276406,Barsoi,7
10,Bihar,201,Katihar,249595,Katihar,4
10,Bihar,201,Katihar,299210,Korha,7
10,Bihar,201,Katihar,299209,Kursela,7
10,Bihar,201,Katihar,249596,Manihari,7
10,Bihar,202,Khagaria,299218,Alauli,7
10,Bihar,202,Khagaria,299214,Beldaur,7
10,Bihar,202,Khagaria,249626,Gogri Jamalpur,5
10,Bihar,202,Khagaria,249625,Khagaria,5
10,Bihar,202,Khagaria,299216,Mansi,7
10,Bihar,202,Khagaria,299215,Parbatta,7
10,Bihar,203,Kishanganj,249589,Bahadurganj,7
10,Bihar,203,Kishanganj,249590,Kishanganj,5
10,Bihar,203,Kishanganj,299298,Pauakhali,7
10,Bihar,203,Kishanganj,249588,Thakurganj,7
10,Bihar,204,Lakhisarai,249638,Barahiya,5
10,Bihar,204,Lakhisarai,249639,Lakhisarai,5
10,Bihar,204,Lakhisarai,299148,Suryagadha,5
10,Bihar,205,Madhepura,299227,Alamnagar,7
10,Bihar,205,Madhepura,299224,Bihariganj,7
10,Bihar,205,Madhepura,249597,Madhepura,5
10,Bihar,205,Madhepura,249598,Murliganj,7
10,Bihar,205,Madhepura,299225,Singheshwar,7
10,Bihar,205,Madhepura,299226,Udakishunganj,5
10,Bihar,206,Madhubani,299291,Benipatti,7
10,Bihar,206,Madhubani,249581,Ghoghardiha,7
10,Bihar,206,Madhubani,249578,Jainagar,7
10,Bihar,206,Madhubani,249580,Jhanjharpur,5
10,Bihar,206,Madhubani,249579,Madhubani,4
10,Bihar,206,Madhubani,299284,Phulparas,7
10,Bihar,207,Munger,300549,Asarganj,7
10,Bihar,207,Munger,299171,Haweli Kharagpur,5
10,Bihar,207,Munger,249635,Jamalpur,5
10,Bihar,207,Munger,249634,Munger,4
10,Bihar,207,Munger,300550,Sangrampur,7
10,Bihar,207,Munger,299175,Tarapur,7
10,Bihar,208,Muzaffarpur,300564,Baruraaj,7
10,Bihar,208,Muzaffarpur,249602,Kanti,5
10,Bihar,208,Muzaffarpur,299230,Kurhani,7
10,Bihar,208,Muzaffarpur,300551,Madhopur Susta,7
10,Bihar,208,Muzaffarpur,299223,Minapur,7
10,Bihar,208,Muzaffarpur,249601,Motipur,5
10,Bihar,208,Muzaffarpur,300552,Muraul,7
10,Bihar,208,Muzaffarpur,249603,Muzaffarpur,4
10,Bihar,208,Muzaffarpur,253219,Sahebganj,5
10,Bihar,208,Muzaffarpur,299240,Sakra,7
10,Bihar,208,Muzaffarpur,299228,Saraiya,7
10,Bihar,209,Nalanda,299293,Asthawan,7
10,Bihar,209,Nalanda,249642,Biharsharif,4
10,Bihar,209,Nalanda,299288,Chandi,7
10,Bihar,209,Nalanda,299301,Ekangarsarai,7
10,Bihar,209,Nalanda,299285,Giriak,7
10,Bihar,209,Nalanda,276429,Harnaut,7
10,Bihar,209,Nalanda,249643,Hilsa,5
10,Bihar,209,Nalanda,249644,Islampur,5
10,Bihar,209,Nalanda,299454,Nalanda,7
10,Bihar,209,Nalanda,299296,Parbalpur,7
10,Bihar,209,Nalanda,300553,Pawapuri,7
10,Bihar,209,Nalanda,299300,Rahui,7
10,Bihar,209,Nalanda,299316,Rajgir,5
10,Bihar,209,Nalanda,299297,Sarmera,7
10,Bihar,209,Nalanda,249646,Silao,7
10,Bihar,210,Nawada,249686,Hisua,5
10,Bihar,210,Nawada,249684,Nawada,5
10,Bihar,210,Nawada,300554,Rajauli,7
10,Bihar,210,Nawada,249685,Warisaliganj,5
10,Bihar,211,Pashchim Champaran,249562,Bagaha,5
10,Bihar,211,Pashchim Champaran,249564,Bettiah,4
10,Bihar,211,Pashchim Champaran,249563,Chanpatia,7
10,Bihar,211,Pashchim Champaran,300555,Lauria,7
10,Bihar,211,Pashchim Champaran,300556,Macharganwa,7
10,Bihar,211,Pashchim Champaran,249561,Narkatiaganj,5
10,Bihar,211,Pashchim Champaran,249560,Ramnagar,7
10,Bihar,212,Patna,277098,Bakhtiyarpur,5
10,Bihar,212,Patna,249656,Barh,5
10,Bihar,212,Patna,299176,Bihta,5
10,Bihar,212,Patna,276644,Bikarm,7
10,Bihar,212,Patna,249648,Danapur,5
10,Bihar,212,Patna,249653,Fatuha,5
10,Bihar,212,Patna,249649,Khagaul,5
10,Bihar,212,Patna,249654,Khusrupur,7
10,Bihar,212,Patna,249647,Maner,5
10,Bihar,212,Patna,249652,Masaurhi,5
10,Bihar,212,Patna,249657,Mokama,5
10,Bihar,212,Patna,276645,Naubatpur,7
10,Bihar,212,Patna,299205,Paliganj,7
10,Bihar,212,Patna,249650,Patna,4
10,Bihar,212,Patna,249651,Phulwari Sharif,5
10,Bihar,212,Patna,299196,Punpun,7
10,Bihar,212,Patna,299178,Sampatchak,5
10,Bihar,213,Purbi Champaran,249570,Areraj,7
10,Bihar,213,Purbi Champaran,249571,Chakia,5
10,Bihar,213,Purbi Champaran,249567,Dhaka,5
10,Bihar,213,Purbi Champaran,277126,Kesaria,7
10,Bihar,213,Purbi Champaran,305835,Madhuban,7
10,Bihar,213,Purbi Champaran,277128,Mehsi,7
10,Bihar,213,Purbi Champaran,249568,Motihari,4
10,Bihar,213,Purbi Champaran,277127,Pakri Dayal,7
10,Bihar,213,Purbi Champaran,249565,Raxaul,5
10,Bihar,213,Purbi Champaran,249566,Sugauli,7
10,Bihar,214,Purnia,299232,Amour,7
10,Bihar,214,Purnia,299120,Baisi ,7
10,Bihar,214,Purnia,299234,Banmankhi,5
10,Bihar,214,Purnia,299237,Bhawanipur,7
10,Bihar,214,Purnia,299272,Champanagar,7
10,Bihar,214,Purnia,299236,Dhamdaha,7
10,Bihar,214,Purnia,300557,Jankinagar,7
10,Bihar,214,Purnia,299233,Kasba,5
10,Bihar,214,Purnia,299271,Mirganj,7
10,Bihar,214,Purnia,249592,Purnea,4
10,Bihar,214,Purnia,299238,Rupauli,7
10,Bihar,215,Rohtas,249668,Bikramganj,5
10,Bihar,215,Rohtas,299307,Chenari,7
10,Bihar,215,Rohtas,249671,Dehri Dalmianagar,5
10,Bihar,215,Rohtas,299306,Dinara,7
10,Bihar,215,Rohtas,299304,Karakat,7
10,Bihar,215,Rohtas,249667,Koath,7
10,Bihar,215,Rohtas,276405,Kochas,7
10,Bihar,215,Rohtas,276646,Nasriganj,7
10,Bihar,215,Rohtas,249669,Nokha,5
10,Bihar,215,Rohtas,301296,ROHTAS,7
10,Bihar,215,Rohtas,249670,Sasaram,4
10,Bihar,216,Saharsa,300558,Bangaon,7
10,Bihar,216,Saharsa,299160,Nauhatta,7
10,Bihar,216,Saharsa,249599,Saharsa,4
10,Bihar,216,Saharsa,299164,Simri Bakhtiarpur,5
10,Bihar,216,Saharsa,299161,Sonbarsa,7
10,Bihar,216,Saharsa,299163,Sour Bazar,7
10,Bihar,217,Samastipur,249621,Dalsinghsarai,5
10,Bihar,217,Samastipur,300559,Musri Gharari,7
10,Bihar,217,Samastipur,249622,Rosera,5
10,Bihar,217,Samastipur,249619,Samastipur,4
10,Bihar,217,Samastipur,299173,Sarairanjan,7
10,Bihar,217,Samastipur,299229,Shahpur Patori,5
10,Bihar,217,Samastipur,299195,Singhia,7
10,Bihar,217,Samastipur,299448,Tajpur,5
10,Bihar,218,Saran,249612,Chapra,4
10,Bihar,218,Saran,249614,Dighwara,7
10,Bihar,218,Saran,265438,Ekma Bazar,7
10,Bihar,218,Saran,300560,Kopa,7
10,Bihar,218,Saran,299156,Manjhi,7
10,Bihar,218,Saran,249613,Marhaura,7
10,Bihar,218,Saran,299157,Mashrakh,7
10,Bihar,218,Saran,265437,Parsa Bazar,7
10,Bihar,218,Saran,249611,Rivilganj,7
10,Bihar,218,Saran,249615,Sonepur,5
10,Bihar,219,Sheikhpura,277103,Barbigha,5
10,Bihar,219,Sheikhpura,299151,Chewara,7
10,Bihar,219,Sheikhpura,299150,Sheikhopur Sarai,7
10,Bihar,219,Sheikhpura,249641,Sheikhpura,5
10,Bihar,220,Sheohar,299145,Sheohar,5
10,Bihar,221,Sitamarhi,249573,Bairgania,5
10,Bihar,221,Sitamarhi,249574,Belsand,7
10,Bihar,221,Sitamarhi,249577,Janakpur Road,5
10,Bihar,221,Sitamarhi,249575,Sitamarhi,4
10,Bihar,221,Sitamarhi,290059,Sursand,7
10,Bihar,222,Siwan,299134,Andar,7
10,Bihar,222,Siwan,299143,Barharia,7
10,Bihar,222,Siwan,299139,Basantpur,7
10,Bihar,222,Siwan,300561,Gopalpur,7
10,Bihar,222,Siwan,299136,Guthani,7
10,Bihar,222,Siwan,299133,Hasanpura,7
10,Bihar,222,Siwan,249609,Maharajganj,7
10,Bihar,222,Siwan,249610,Mairwa,7
10,Bihar,222,Siwan,249608,Siwan,5
10,Bihar,223,Supaul,249583,Birpur,7
10,Bihar,223,Supaul,249582,Nirmali,7
10,Bihar,223,Supaul,299129,Pipra,7
10,Bihar,223,Supaul,300562,Simrahi,7
10,Bihar,223,Supaul,249584,Supaul,5
10,Bihar,223,Supaul,299128,Tribeniganj,5
10,Bihar,224,Vaishali,300563,Goraul,7
10,Bihar,224,Vaishali,249617,Hajipur,5
10,Bihar,224,Vaishali,299273,Jandaha,7
10,Bihar,224,Vaishali,249616,Lalganj,5
10,Bihar,224,Vaishali,249618,Mahnar,5
10,Bihar,224,Vaishali,277125,Mahua,5
10,Bihar,224,Vaishali,299127,Patepur,7
4,Chandigarh,44,Chandigarh,276386,Chandigarh,4
22,Chhattisgarh,646,Balod,253155,Arjunda,7
22,Chhattisgarh,646,Balod,250642,Balod,5
22,Chhattisgarh,646,Balod,253157,Chikhlakasa,7
22,Chhattisgarh,646,Balod,250643,Dalli Rajhara,5
22,Chhattisgarh,646,Balod,253156,Dondi,7
22,Chhattisgarh,646,Balod,253159,Dondilohara,7
22,Chhattisgarh,646,Balod,253154,Gunderdehi,7
22,Chhattisgarh,646,Balod,253158,Gurur,7
22,Chhattisgarh,646,Balod,305304,Palari.,7
22,Chhattisgarh,644,Balodabazar-Bhatapara,250648,Baloda Bazar,5
22,Chhattisgarh,644,Balodabazar-Bhatapara,250651,Bhatapara,5
22,Chhattisgarh,644,Balodabazar-Bhatapara,250645,Kasdol,7
22,Chhattisgarh,644,Balodabazar-Bhatapara,253184,Lavan,7
22,Chhattisgarh,644,Balodabazar-Bhatapara,250647,Palari,7
22,Chhattisgarh,644,Balodabazar-Bhatapara,301528,Rohansi,7
22,Chhattisgarh,644,Balodabazar-Bhatapara,250644,Simga,5
22,Chhattisgarh,644,Balodabazar-Bhatapara,250654,Tundra,7
22,Chhattisgarh,649,Balrampur-Ramanujganj,253119,Balrampur,5
22,Chhattisgarh,649,Balrampur-Ramanujganj,253118,Kusmi,7
22,Chhattisgarh,649,Balrampur-Ramanujganj,253117,Rajpur,7
22,Chhattisgarh,649,Balrampur-Ramanujganj,250583,Ramanujganj,5
22,Chhattisgarh,649,Balrampur-Ramanujganj,253116,Wadrafnagar,7
22,Chhattisgarh,374,Bastar,248143,Bastar,7
22,Chhattisgarh,374,Bastar,250665,Jagdalpur,4
22,Chhattisgarh,650,Bemetara,250632,Bemetara,5
22,Chhattisgarh,650,Bemetara,253152,Berla,7
22,Chhattisgarh,650,Bemetara,301511,Bhinbhouree,7
22,Chhattisgarh,650,Bemetara,301508,Dadhi,7
22,Chhattisgarh,650,Bemetara,253151,Devkar,7
22,Chhattisgarh,650,Bemetara,301834,Kusmi,7
22,Chhattisgarh,650,Bemetara,253160,Maro,7
22,Chhattisgarh,650,Bemetara,253148,Nawagarh,7
22,Chhattisgarh,650,Bemetara,253150,Parpodi,7
22,Chhattisgarh,650,Bemetara,253149,Saja,7
22,Chhattisgarh,650,Bemetara,250633,Than Khamharia,7
22,Chhattisgarh,636,Bijapur,253245,Bhairamgarh,7
22,Chhattisgarh,636,Bijapur,253246,Bhopalpatnam,7
22,Chhattisgarh,636,Bijapur,253244,Bijapur,5
22,Chhattisgarh,375,Bilaspur,250616,Bilaspur,4
22,Chhattisgarh,375,Bilaspur,250622,Bilha,7
22,Chhattisgarh,375,Bilaspur,250621,Bodri,5
22,Chhattisgarh,375,Bilaspur,250613,Kota,7
22,Chhattisgarh,375,Bilaspur,253174,Malhar,7
22,Chhattisgarh,375,Bilaspur,250612,Ratanpur,5
22,Chhattisgarh,375,Bilaspur,250615,Takhatpur,5
22,Chhattisgarh,376,Dakshin Bastar Dantewada,250670,Bade Bacheli,5
22,Chhattisgarh,376,Dakshin Bastar Dantewada,253215,Barsoor,7
22,Chhattisgarh,376,Dakshin Bastar Dantewada,250669,Dantewada,5
22,Chhattisgarh,376,Dakshin Bastar Dantewada,250668,Geedam,7
22,Chhattisgarh,376,Dakshin Bastar Dantewada,250671,Kirandul,5
22,Chhattisgarh,377,Dhamtari,253106,Aamdi,7
22,Chhattisgarh,377,Dhamtari,305259,Badekareli,7
22,Chhattisgarh,377,Dhamtari,253107,Bhakhara,7
22,Chhattisgarh,377,Dhamtari,248062,Dhamtari,4
22,Chhattisgarh,377,Dhamtari,248061,Kurud,5
22,Chhattisgarh,377,Dhamtari,253108,Magarlod,7
22,Chhattisgarh,377,Dhamtari,253109,Nagri,7
22,Chhattisgarh,378,Durg,250635,Ahiwara,5
22,Chhattisgarh,378,Durg,299657,Amleshwar,5
22,Chhattisgarh,378,Durg,250639,Bhilai,4
22,Chhattisgarh,378,Durg,250638,Bhilai Charoda,4
22,Chhattisgarh,378,Durg,250634,Dhamdha,7
22,Chhattisgarh,378,Durg,250640,Durg,4
22,Chhattisgarh,378,Durg,250636,Jamul,5
22,Chhattisgarh,378,Durg,250637,Kumhari,5
22,Chhattisgarh,378,Durg,250641,Patan,7
22,Chhattisgarh,378,Durg,296874,Risali,4
22,Chhattisgarh,378,Durg,253153,Utai,7
22,Chhattisgarh,645,Gariyaband,253181,Churra,7
22,Chhattisgarh,645,Gariyaband,301812,Devbhog,7
22,Chhattisgarh,645,Gariyaband,253180,Fingeswar,7
22,Chhattisgarh,645,Gariyaband,253182,Gariabandh,5
22,Chhattisgarh,645,Gariyaband,301514,Kopra,7
22,Chhattisgarh,645,Gariyaband,253178,Rajim,7
22,Chhattisgarh,734,Gaurela-Pendra-Marwahi,250610,Gaurella,5
22,Chhattisgarh,734,Gaurela-Pendra-Marwahi,301513,Marwahi,7
22,Chhattisgarh,734,Gaurela-Pendra-Marwahi,250609,Pendra,5
22,Chhattisgarh,379,Janjgir-Champa,250603,Akaltara,5
22,Chhattisgarh,379,Janjgir-Champa,250601,Baloda,7
22,Chhattisgarh,379,Janjgir-Champa,301919,Bamhanidih,7
22,Chhattisgarh,379,Janjgir-Champa,250605,Champa,5
22,Chhattisgarh,379,Janjgir-Champa,250608,Kharod,7
22,Chhattisgarh,379,Janjgir-Champa,250602,Naila Janjgir,5
22,Chhattisgarh,379,Janjgir-Champa,301526,Nariyara,7
22,Chhattisgarh,379,Janjgir-Champa,253283,Nawagarh,7
22,Chhattisgarh,379,Janjgir-Champa,301512,Pamgarh,7
22,Chhattisgarh,379,Janjgir-Champa,253288,Rahoud,7
22,Chhattisgarh,379,Janjgir-Champa,250606,Sakti,5
22,Chhattisgarh,379,Janjgir-Champa,253287,Saragaon,7
22,Chhattisgarh,379,Janjgir-Champa,250604,Shivrinarayan,7
22,Chhattisgarh,380,Jashpur,253200,Bagicha,7
22,Chhattisgarh,380,Jashpur,250590,Jashpur Nagar,5
22,Chhattisgarh,380,Jashpur,253199,Kotba,7
22,Chhattisgarh,380,Jashpur,253198,Kunkuri,7
22,Chhattisgarh,380,Jashpur,250591,Pathalgaon,5
22,Chhattisgarh,382,Kabeerdham,273466,Bodla,7
22,Chhattisgarh,382,Kabeerdham,301507,Indouri,7
22,Chhattisgarh,382,Kabeerdham,250623,Kawardha,5
22,Chhattisgarh,382,Kabeerdham,250624,Pandariya,5
22,Chhattisgarh,382,Kabeerdham,273467,Pandatarai,7
22,Chhattisgarh,382,Kabeerdham,273465,Pipariya,7
22,Chhattisgarh,382,Kabeerdham,273468,Sahaspur-Lohara,7
22,Chhattisgarh,759,Khairagarh-Chhuikhadan-Gandai,250626,Chhuikhadan,7
22,Chhattisgarh,759,Khairagarh-Chhuikhadan-Gandai,250625,Gandai,7
22,Chhattisgarh,759,Khairagarh-Chhuikhadan-Gandai,262094,Khairagarh Municipality,5
22,Chhattisgarh,643,Kondagaon,265121,Farasgaon,7
22,Chhattisgarh,643,Kondagaon,248063,Keshkal,7
22,Chhattisgarh,643,Kondagaon,250664,Kondagaon,5
22,Chhattisgarh,383,Korba,301510,Banki Mongra,5
22,Chhattisgarh,383,Korba,253111,Churikala,7
22,Chhattisgarh,383,Korba,250599,Dipka,5
22,Chhattisgarh,383,Korba,250597,Katghora,5
22,Chhattisgarh,383,Korba,250598,Korba,4
22,Chhattisgarh,383,Korba,253110,Pali,7
22,Chhattisgarh,384,Korea,250579,Baikunthpur,5
22,Chhattisgarh,384,Korea,301809,Patna,7
22,Chhattisgarh,384,Korea,259685,Shivpur Charcha,5
22,Chhattisgarh,385,Mahasamund,250662,Bagbahara,5
22,Chhattisgarh,385,Mahasamund,250658,Basna,7
22,Chhattisgarh,385,Mahasamund,250661,Mahasamund,5
22,Chhattisgarh,385,Mahasamund,250660,Pithora,7
22,Chhattisgarh,385,Mahasamund,250659,Saraipali,5
22,Chhattisgarh,385,Mahasamund,253105,Tumgaon,7
22,Chhattisgarh,760,Manendragarh-Chirmiri-Bharatpur(M C B),250578,Chirimiri,4
22,Chhattisgarh,760,Manendragarh-Chirmiri-Bharatpur(M C B),301515,Janakpur,7
22,Chhattisgarh,760,Manendragarh-Chirmiri-Bharatpur(M C B),250582,Jhagrakhand,7
22,Chhattisgarh,760,Manendragarh-Chirmiri-Bharatpur(M C B),250581,Khongapani,7
22,Chhattisgarh,760,Manendragarh-Chirmiri-Bharatpur(M C B),250580,Manendragarh,5
22,Chhattisgarh,760,Manendragarh-Chirmiri-Bharatpur(M C B),253220,Nai Ladri,7
22,Chhattisgarh,761,Mohla-Manpur-Ambagarh Chouki,250631,Ambagarh Chowki,7
22,Chhattisgarh,647,Mungeli,301522,Barela,7
22,Chhattisgarh,647,Mungeli,301630,Jarhagaon,7
22,Chhattisgarh,647,Mungeli,250611,Lormi,5
22,Chhattisgarh,647,Mungeli,250614,Mungeli,5
22,Chhattisgarh,647,Mungeli,253172,Pathariya,7
22,Chhattisgarh,647,Mungeli,253176,Sargaon,7
22,Chhattisgarh,637,Narayanpur,248064,Narayanpur,5
22,Chhattisgarh,386,Raigarh,250592,Dharamjaigarh,7
22,Chhattisgarh,386,Raigarh,250593,Gharghoda,7
22,Chhattisgarh,386,Raigarh,250595,Kharsia,5
22,Chhattisgarh,386,Raigarh,253280,Kirodimal Nagar,7
22,Chhattisgarh,386,Raigarh,253279,Lailunga,7
22,Chhattisgarh,386,Raigarh,253278,Pussore,7
22,Chhattisgarh,386,Raigarh,250594,Raigarh,4
22,Chhattisgarh,386,Raigarh,305193,Tamnar,7
22,Chhattisgarh,387,Raipur,253177,Abhanpur,5
22,Chhattisgarh,387,Raipur,250650,Arang,5
22,Chhattisgarh,387,Raipur,253179,Birgaon,4
22,Chhattisgarh,387,Raipur,298991,Chandkhuri,7
22,Chhattisgarh,387,Raipur,250649,Gobra Nawapara,5
22,Chhattisgarh,387,Raipur,250652,Kharora,7
22,Chhattisgarh,387,Raipur,250646,Kurra,7
22,Chhattisgarh,387,Raipur,250655,Mana Camp,7
22,Chhattisgarh,387,Raipur,300355,Mandir Hasod,5
22,Chhattisgarh,387,Raipur,250653,Raipur,4
22,Chhattisgarh,387,Raipur,298990,Samoda,7
22,Chhattisgarh,387,Raipur,250657,Tilda Newra,5
22,Chhattisgarh,388,Rajnandgaon,253112,Chhuriya,7
22,Chhattisgarh,388,Rajnandgaon,250630,Dongargaon,7
22,Chhattisgarh,388,Rajnandgaon,250628,Dongargarh,5
22,Chhattisgarh,388,Rajnandgaon,301920,Ghumka,7
22,Chhattisgarh,388,Rajnandgaon,301808,Lal Bahadur Nagar,7
22,Chhattisgarh,388,Rajnandgaon,250629,Rajnandgaon,4
22,Chhattisgarh,762,Sakti,253289,Adbhar,7
22,Chhattisgarh,762,Sakti,253285,Chandrapur,7
22,Chhattisgarh,762,Sakti,253286,Dhabhara,7
22,Chhattisgarh,762,Sakti,253284,Jaijaipur,7
22,Chhattisgarh,762,Sakti,250607,Naya Baradwar,7
22,Chhattisgarh,762,Sakti,250606,Sakti,5
22,Chhattisgarh,763,Sarangarh-Bilaigarh,253276,Baramkela,7
22,Chhattisgarh,763,Sarangarh-Bilaigarh,253114,Bhatgaon,7
22,Chhattisgarh,763,Sarangarh-Bilaigarh,250656,Bilaigarh,7
22,Chhattisgarh,763,Sarangarh-Bilaigarh,301527,Pawni,7
22,Chhattisgarh,763,Sarangarh-Bilaigarh,250596,Sarangarh,5
22,Chhattisgarh,763,Sarangarh-Bilaigarh,253277,Saria,7
22,Chhattisgarh,763,Sarangarh-Bilaigarh,301509,Sarsiwan,7
22,Chhattisgarh,642,Sukma,253218,Dornapal,7
22,Chhattisgarh,642,Sukma,253217,Konta,7
22,Chhattisgarh,642,Sukma,253216,Sukma,5
22,Chhattisgarh,648,Surajpur,253183,Bhatgaon,7
22,Chhattisgarh,648,Surajpur,253115,Jarhi,7
22,Chhattisgarh,648,Surajpur,253123,Pratappur,7
22,Chhattisgarh,648,Surajpur,253191,Premnagar,7
22,Chhattisgarh,648,Surajpur,301867,Shivnandanpur,7
22,Chhattisgarh,648,Surajpur,250585,Surajpur,5
22,Chhattisgarh,648,Surajpur,250586,Vishrampur,7
22,Chhattisgarh,389,Surguja,250588,Ambikapur,4
22,Chhattisgarh,389,Surguja,253121,Lakhanpur,7
22,Chhattisgarh,389,Surguja,253120,Sitapur,7
22,Chhattisgarh,381,Uttar Bastar Kanker,253248,Antagarh,7
22,Chhattisgarh,381,Uttar Bastar Kanker,253145,Bhanupratappur,7
22,Chhattisgarh,381,Uttar Bastar Kanker,253144,Charama,7
22,Chhattisgarh,381,Uttar Bastar Kanker,250663,Kanker,5
22,Chhattisgarh,381,Uttar Bastar Kanker,253249,Narharpur,7
22,Chhattisgarh,381,Uttar Bastar Kanker,253146,Pakhajur,7
7,Delhi,77,Central,276401,North Delhi Municipal Corporation,4
7,Delhi,796,Central North,,,
7,Delhi,78,East,276400,East Delhi Municipal Corporation,4
7,Delhi,79,New Delhi,276447,New Delhi Municipal Council,21
7,Delhi,79,New Delhi,276402,South Delhi Municipal Corporation,4
7,Delhi,80,North,276401,North Delhi Municipal Corporation,4
7,Delhi,81,North East,276400,East Delhi Municipal Corporation,4
7,Delhi,82,North West,276401,North Delhi Municipal Corporation,4
7,Delhi,795,Old Delhi,,,
7,Delhi,794,Outer North,,,
7,Delhi,83,South,276402,South Delhi Municipal Corporation,4
7,Delhi,670,South East,276402,South Delhi Municipal Corporation,4
7,Delhi,84,South West,276401,North Delhi Municipal Corporation,4
7,Delhi,84,South West,276402,South Delhi Municipal Corporation,4
7,Delhi,85,West,276401,North Delhi Municipal Corporation,4
7,Delhi,85,West,276402,South Delhi Municipal Corporation,4
30,Goa,793,Kushavati,252100,Canacona,5
30,Goa,793,Kushavati,252096,Curchorem Cacora,5
30,Goa,793,Kushavati,252097,Quepem,5
30,Goa,793,Kushavati,252099,Sanguem,5
30,Goa,551,North Goa,252075,Bicholim,5
30,Goa,551,North Goa,252071,City Corporation Panaji,4
30,Goa,551,North Goa,252061,Mapusa,5
30,Goa,551,North Goa,252057,Pernem,5
30,Goa,551,North Goa,252077,Sankhali,5
30,Goa,551,North Goa,252079,Valpoi,5
30,Goa,552,South Goa,252095,Cuncolim,5
30,Goa,552,South Goa,252087,Margao,5
30,Goa,552,South Goa,252084,Mormugao,5
30,Goa,552,South Goa,252082,Ponda,5
24,Gujarat,438,Ahmedabad,251096,Ahmadabad,4
24,Gujarat,438,Ahmedabad,277165,Bareja,5
24,Gujarat,438,Ahmedabad,251109,Bavla,5
24,Gujarat,438,Ahmedabad,251110,Dhandhuka,5
24,Gujarat,438,Ahmedabad,251108,Dholka,5
24,Gujarat,438,Ahmedabad,251090,Sanand,5
24,Gujarat,438,Ahmedabad,251089,Viramgam,5
24,Gujarat,439,Amreli,251157,Amreli,5
24,Gujarat,439,Amreli,253147,Babra,5
24,Gujarat,439,Amreli,251158,Bagasara,5
24,Gujarat,439,Amreli,251159,Chalala,5
24,Gujarat,439,Amreli,302660,DHARI,5
24,Gujarat,439,Amreli,251156,Damnagar,5
24,Gujarat,439,Amreli,251161,Jafrabad,5
24,Gujarat,439,Amreli,251155,Lathi,5
24,Gujarat,439,Amreli,251162,Rajula,5
24,Gujarat,439,Amreli,251160,Savarkundla,5
24,Gujarat,440,Anand,251174,Anand,4
24,Gujarat,440,Anand,251182,Anklav,5
24,Gujarat,440,Anand,251172,Boriavi,5
24,Gujarat,440,Anand,251180,Borsad,5
24,Gujarat,440,Anand,251179,Khambhat,5
24,Gujarat,440,Anand,251173,Ode,5
24,Gujarat,440,Anand,251178,Petlad,5
24,Gujarat,440,Anand,253230,Sojitra,5
24,Gujarat,440,Anand,305197,Tarapur,5
24,Gujarat,440,Anand,251171,Umreth,5
24,Gujarat,672,Arvalli,253127,Bayad,5
24,Gujarat,672,Arvalli,251077,Modasa,5
24,Gujarat,441,Banas Kantha,251057,Deesa,5
24,Gujarat,441,Banas Kantha,251053,Dhanera,5
24,Gujarat,441,Banas Kantha,251055,Palanpur,5
24,Gujarat,441,Banas Kantha,253164,Thara,5
24,Gujarat,442,Bharuch,253223,Amod,5
24,Gujarat,442,Bharuch,251225,Anklesvar,5
24,Gujarat,442,Bharuch,251222,Bharuch,5
24,Gujarat,442,Bharuch,251219,Jambusar,5
24,Gujarat,443,Bhavnagar,251165,Bhavnagar,4
24,Gujarat,443,Bhavnagar,251167,Gariadhar,5
24,Gujarat,443,Bhavnagar,251170,Mahuva,5
24,Gujarat,443,Bhavnagar,251168,Palitana,5
24,Gujarat,443,Bhavnagar,251166,Sihor,5
24,Gujarat,443,Bhavnagar,251169,Talaja,5
24,Gujarat,443,Bhavnagar,253126,Vallabhipur,5
24,Gujarat,676,Botad,253241,Barwala,5
24,Gujarat,676,Botad,251163,Botad,5
24,Gujarat,676,Botad,251164,Gadhada,5
24,Gujarat,668,Chhotaudepur,305192,Bodeli,5
24,Gujarat,668,Chhotaudepur,251211,Chhota-Udepur,5
24,Gujarat,445,Dahod,251199,Dahod,5
24,Gujarat,445,Dahod,251200,Devgadbaria,5
24,Gujarat,445,Dahod,251197,Jhalod,5
24,Gujarat,444,Dangs,277167,Saputara,6
24,Gujarat,674,Devbhumi Dwarka,251136,Bhanvad,5
24,Gujarat,674,Devbhumi Dwarka,251129,Dwarka,5
24,Gujarat,674,Devbhumi Dwarka,251131,Khambhalia,5
24,Gujarat,674,Devbhumi Dwarka,251127,Okha,5
24,Gujarat,674,Devbhumi Dwarka,253143,Raval,5
24,Gujarat,674,Devbhumi Dwarka,251130,Salaya,5
24,Gujarat,446,Gandhinagar,251088,Dehgam,5
24,Gujarat,446,Gandhinagar,276440,Gandhinagar,4
24,Gujarat,446,Gandhinagar,251081,Kalol,5
24,Gujarat,446,Gandhinagar,251082,Mansa,5
24,Gujarat,675,Gir Somnath,251153,Kodinar,5
24,Gujarat,675,Gir Somnath,277171,Sutrapada,5
24,Gujarat,675,Gir Somnath,277170,Talala,5
24,Gujarat,675,Gir Somnath,251154,Una,5
24,Gujarat,675,Gir Somnath,251152,Veraval,5
24,Gujarat,447,Jamnagar,251134,Dhrol,5
24,Gujarat,447,Jamnagar,251137,Jamjodhpur,5
24,Gujarat,447,Jamnagar,251133,Jamnagar,4
24,Gujarat,447,Jamnagar,251135,Kalavad,5
24,Gujarat,447,Jamnagar,251132,Sikka,5
24,Gujarat,448,Junagadh,251143,Bantwa,5
24,Gujarat,448,Junagadh,251151,Chorvad,5
24,Gujarat,448,Junagadh,251147,Junagadh,4
24,Gujarat,448,Junagadh,251149,Keshod,5
24,Gujarat,448,Junagadh,251144,Manavadar,5
24,Gujarat,448,Junagadh,251150,Mangrol,5
24,Gujarat,448,Junagadh,251145,Vanthali,5
24,Gujarat,448,Junagadh,251148,Visavadar,5
24,Gujarat,449,Kachchh,251046,Anjar,5
24,Gujarat,449,Kachchh,251045,Bhachau,5
24,Gujarat,449,Kachchh,251047,Bhuj,5
24,Gujarat,449,Kachchh,251050,Gandhidham,4
24,Gujarat,449,Kachchh,277169,Mandvi Kachchh,5
24,Gujarat,449,Kachchh,297099,Mundra-Baroi,5
24,Gujarat,449,Kachchh,301161,Nakhatrana,5
24,Gujarat,449,Kachchh,251044,Rapar,5
24,Gujarat,450,Kheda,251188,Chaklasi,5
24,Gujarat,450,Kheda,251190,Dakor,5
24,Gujarat,450,Kheda,253226,Kanajari,5
24,Gujarat,450,Kheda,251183,Kapadvanj,5
24,Gujarat,450,Kheda,253225,Kathlal,5
24,Gujarat,450,Kheda,251186,Kheda,5
24,Gujarat,450,Kheda,251189,Mahudha,5
24,Gujarat,450,Kheda,251185,Mehmedabad,5
24,Gujarat,450,Kheda,251187,Nadiad,4
24,Gujarat,450,Kheda,253224,Thasra,5
24,Gujarat,451,Mahesana,305191,Bechar-Becharaji,5
24,Gujarat,451,Mahesana,251070,Kadi,5
24,Gujarat,451,Mahesana,251063,Kheralu,5
24,Gujarat,451,Mahesana,251068,Mahesana,4
24,Gujarat,451,Mahesana,251064,Unjha,5
24,Gujarat,451,Mahesana,251066,Vadnagar,5
24,Gujarat,451,Mahesana,251067,Vijapur,5
24,Gujarat,451,Mahesana,251065,Visnagar,5
24,Gujarat,669,Mahisagar,251184,Balasinor,5
24,Gujarat,669,Mahisagar,251192,Lunawada,5
24,Gujarat,669,Mahisagar,251191,Santrampur,5
24,Gujarat,673,Morbi,251111,Halvad,5
24,Gujarat,673,Morbi,253135,Maliya Miyana,5
24,Gujarat,673,Morbi,251118,Morbi,4
24,Gujarat,673,Morbi,302662,TANKARA,5
24,Gujarat,673,Morbi,251119,Wankaner,5
24,Gujarat,452,Narmada,251216,Rajpipla,5
24,Gujarat,453,Navsari,251251,Bilimora,5
24,Gujarat,453,Navsari,251249,Gandevi,5
24,Gujarat,453,Navsari,251245,Navsari-Vijalpor,4
24,Gujarat,454,Panch Mahals,251193,Godhra,5
24,Gujarat,454,Panch Mahals,251196,Halol,5
24,Gujarat,454,Panch Mahals,251194,Kaalol,5
24,Gujarat,454,Panch Mahals,248076,Shahera,5
24,Gujarat,455,Patan,251062,Chanasma,5
24,Gujarat,455,Patan,251061,Harij,5
24,Gujarat,455,Patan,251060,Patan,5
24,Gujarat,455,Patan,251058,Radhanpur,5
24,Gujarat,455,Patan,251059,Sidhpur,5
24,Gujarat,456,Porbandar,251142,Kutiyana,5
24,Gujarat,456,Porbandar,251138,Porbandar,4
24,Gujarat,456,Porbandar,251141,Ranavav,5
24,Gujarat,457,Rajkot,251123,Bhayavadar,5
24,Gujarat,457,Rajkot,251125,Dhoraji,5
24,Gujarat,457,Rajkot,251122,Gondal,5
24,Gujarat,457,Rajkot,251121,Jasdan,5
24,Gujarat,457,Rajkot,251126,Jetpur Navagadh,5
24,Gujarat,457,Rajkot,251120,Rajkot,4
24,Gujarat,457,Rajkot,251124,Upleta,5
24,Gujarat,458,Sabar Kantha,251074,Himatnagar,5
24,Gujarat,458,Sabar Kantha,251072,Idar,5
24,Gujarat,458,Sabar Kantha,251071,Khedbrahma,5
24,Gujarat,458,Sabar Kantha,251075,Prantij,5
24,Gujarat,458,Sabar Kantha,251076,Talod,5
24,Gujarat,458,Sabar Kantha,253128,Vadali,5
24,Gujarat,459,Surat,251243,Bardoli,5
24,Gujarat,459,Surat,276024,Kadodara,5
24,Gujarat,459,Surat,251048,Mandvi,5
24,Gujarat,459,Surat,251231,Surat,4
24,Gujarat,459,Surat,276026,Tarsadi,5
24,Gujarat,460,Surendranagar,253137,Chotila,5
24,Gujarat,460,Surendranagar,251112,Dhrangadhra,5
24,Gujarat,460,Surendranagar,251117,Limbdi,5
24,Gujarat,460,Surendranagar,253138,Patdi,5
24,Gujarat,460,Surendranagar,251114,Surendranagar,4
24,Gujarat,460,Surendranagar,251116,Thangadh,5
24,Gujarat,641,Tapi,251230,Songadh,5
24,Gujarat,641,Tapi,251244,Vyara,5
24,Gujarat,461,Vadodara,251213,Dabhoi,5
24,Gujarat,461,Vadodara,251215,Karjan,5
24,Gujarat,461,Vadodara,251214,Padra,5
24,Gujarat,461,Vadodara,253247,Savli,5
24,Gujarat,461,Vadodara,251209,Vadodara,4
24,Gujarat,461,Vadodara,305196,Vaghodiya,5
24,Gujarat,462,Valsad,251261,Dharampur,5
24,Gujarat,462,Valsad,251262,Pardi,5
24,Gujarat,462,Valsad,251269,Ummargam,5
24,Gujarat,462,Valsad,251254,Valsad,5
24,Gujarat,462,Valsad,251264,Vapi,4
24,Gujarat,789,Vav-Tharad,253103,Bhabhar,5
24,Gujarat,789,Vav-Tharad,251052,Tharad,5
6,Haryana,58,Ambala,248491,Ambala,4
6,Haryana,58,Ambala,290431,Ambala Sadar,6
6,Haryana,58,Ambala,272866,Barara,5
6,Haryana,58,Ambala,248490,Naraingarh,5
6,Haryana,59,Bhiwani,248549,Bawani Khera,5
6,Haryana,59,Bhiwani,248550,Bhiwani,6
6,Haryana,59,Bhiwani,248553,Loharu,5
6,Haryana,59,Bhiwani,248552,Siwani,5
6,Haryana,701,Charkhi Dadri,248554,Charkhi Dadri,6
6,Haryana,60,Faridabad,248585,Faridabad,4
6,Haryana,61,Fatehabad,262120,Bhuna,5
6,Haryana,61,Fatehabad,248538,Fatehabad,6
6,Haryana,61,Fatehabad,276399,Jakhal Mandi,5
6,Haryana,61,Fatehabad,248536,Ratia,5
6,Haryana,61,Fatehabad,248537,Tohana,6
6,Haryana,62,Gurugram,248574,Farrukhnagar,5
6,Haryana,62,Gurugram,248576,Gurugram,4
6,Haryana,62,Gurugram,297117,Manesar,4
6,Haryana,62,Gurugram,248573,Pataudi Jatauli Mandi,6
6,Haryana,62,Gurugram,248579,Sohna,6
6,Haryana,792,Hansi,248548,Hansi,6
6,Haryana,792,Hansi,248547,Narnaund,5
6,Haryana,63,Hisar,248545,Barwala,5
6,Haryana,63,Hisar,248546,Hisar,4
6,Haryana,63,Hisar,248547,Narnaund,5
6,Haryana,63,Hisar,248544,Uklanamandi,5
6,Haryana,64,Jhajjar,248560,Bahadurgarh,6
6,Haryana,64,Jhajjar,248558,Beri,5
6,Haryana,64,Jhajjar,248562,Jhajjar,6
6,Haryana,65,Jind,248533,Jind,6
6,Haryana,65,Jind,248534,Julana,5
6,Haryana,65,Jind,248531,Narwana,6
6,Haryana,65,Jind,248535,Safidon,5
6,Haryana,65,Jind,248532,Uchana,5
6,Haryana,66,Kaithal,248510,Cheeka,5
6,Haryana,66,Kaithal,248511,Kaithal,6
6,Haryana,66,Kaithal,248512,Kalayat,5
6,Haryana,66,Kaithal,248513,Pundri,5
6,Haryana,66,Kaithal,262119,Rajound,5
6,Haryana,66,Kaithal,299095,Siwan,5
6,Haryana,67,Karnal,248519,Assandh,5
6,Haryana,67,Karnal,248520,Gharaunda,5
6,Haryana,67,Karnal,248516,Indri,5
6,Haryana,67,Karnal,248517,Karnal,4
6,Haryana,67,Karnal,248514,Nilokheri,5
6,Haryana,67,Karnal,253296,Nissing,5
6,Haryana,67,Karnal,248515,Taraori,5
6,Haryana,68,Kurukshetra,289253,Ismailabad,5
6,Haryana,68,Kurukshetra,248509,Ladwa,5
6,Haryana,68,Kurukshetra,248507,Pehowa,5
6,Haryana,68,Kurukshetra,248506,Shahbad,5
6,Haryana,68,Kurukshetra,248508,Thanesar,6
6,Haryana,69,Mahendragarh,248565,Ateli,5
6,Haryana,69,Mahendragarh,248563,Kanina,5
6,Haryana,69,Mahendragarh,248564,Mahendragarh,5
6,Haryana,69,Mahendragarh,259688,Nangal Chaudhary,5
6,Haryana,69,Mahendragarh,248566,Narnaul,6
6,Haryana,604,Nuh,248582,Ferozepur Jhirka,5
6,Haryana,604,Nuh,248581,Nuh,6
6,Haryana,604,Nuh,248583,Punahana,5
6,Haryana,604,Nuh,248580,Taoru,5
6,Haryana,619,Palwal,248587,Hathin,5
6,Haryana,619,Palwal,248589,Hodal,6
6,Haryana,619,Palwal,248586,Palwal,6
6,Haryana,70,Panchkula,248487,Kalka,6
6,Haryana,70,Panchkula,248489,Panchkula,4
6,Haryana,71,Panipat,248521,Panipat,4
6,Haryana,71,Panipat,248526,Samalkha,6
6,Haryana,72,Rewari,248571,Bawal,5
6,Haryana,72,Rewari,248568,Dharuhera,5
6,Haryana,72,Rewari,248569,Rewari,6
6,Haryana,73,Rohtak,248556,Kalanaur,5
6,Haryana,73,Rohtak,248555,Meham,5
6,Haryana,73,Rohtak,248557,Rohtak,4
6,Haryana,73,Rohtak,253298,Sampla,5
6,Haryana,74,Sirsa,248543,Ellenabad,5
6,Haryana,74,Sirsa,248540,Kalanwali,5
6,Haryana,74,Sirsa,248539,Mandi Dabwali,6
6,Haryana,74,Sirsa,248542,Rania,5
6,Haryana,74,Sirsa,248541,Sirsa,6
6,Haryana,75,Sonipat,248528,Ganaur,5
6,Haryana,75,Sonipat,248527,Gohana,6
6,Haryana,75,Sonipat,248530,Kharkhoda,5
6,Haryana,75,Sonipat,289251,Kundli,5
6,Haryana,75,Sonipat,248529,Sonipat,4
6,Haryana,76,Yamunanagar,274458,Radaur,5
6,Haryana,76,Yamunanagar,289254,Sadhaura,5
6,Haryana,76,Yamunanagar,248500,Yamunanagar,4
2,Himachal Pradesh,15,Bilaspur,248239,Bilaspur,5
2,Himachal Pradesh,15,Bilaspur,248236,Ghumarwin,5
2,Himachal Pradesh,15,Bilaspur,305981,Jhandutta,7
2,Himachal Pradesh,15,Bilaspur,248238,Naina Devi,5
2,Himachal Pradesh,15,Bilaspur,305930,Sawarghat,7
2,Himachal Pradesh,15,Bilaspur,248237,Talai,7
2,Himachal Pradesh,16,Chamba,305980,Banikhet,7
2,Himachal Pradesh,16,Chamba,248046,Chamba,5
2,Himachal Pradesh,16,Chamba,276627,Chowari,7
2,Himachal Pradesh,16,Chamba,248044,Dalhousie,5
2,Himachal Pradesh,17,Hamirpur,306001,Badsar,7
2,Himachal Pradesh,17,Hamirpur,305995,Bhoranj,7
2,Himachal Pradesh,17,Hamirpur,248230,Bhota,7
2,Himachal Pradesh,17,Hamirpur,248229,Hamirpur,5
2,Himachal Pradesh,17,Hamirpur,248228,Nadaun,7
2,Himachal Pradesh,17,Hamirpur,248227,Tira Sujanpur,5
2,Himachal Pradesh,18,Kangra,274797,Baijnath-Paprola,7
2,Himachal Pradesh,18,Kangra,305934,Beed,7
2,Himachal Pradesh,18,Kangra,276626,Dehra,5
2,Himachal Pradesh,18,Kangra,248211,Dharamshala,4
2,Himachal Pradesh,18,Kangra,248216,Jawalamukhi,5
2,Himachal Pradesh,18,Kangra,275535,Jawali,7
2,Himachal Pradesh,18,Kangra,248213,Kangra,5
2,Himachal Pradesh,18,Kangra,305926,Khundian,7
2,Himachal Pradesh,18,Kangra,305924,Kotla,7
2,Himachal Pradesh,18,Kangra,248214,Nagrota Bagwan,5
2,Himachal Pradesh,18,Kangra,305935,Nagrota Surian,7
2,Himachal Pradesh,18,Kangra,248210,Nurpur,5
2,Himachal Pradesh,18,Kangra,248217,Palampur,4
2,Himachal Pradesh,18,Kangra,297015,Shahpur,7
2,Himachal Pradesh,19,Kinnaur,,,
2,Himachal Pradesh,20,Kullu,248221,Banjar,7
2,Himachal Pradesh,20,Kullu,248220,Bhuntar,7
2,Himachal Pradesh,20,Kullu,248219,Kullu,5
2,Himachal Pradesh,20,Kullu,248218,Manali,5
2,Himachal Pradesh,20,Kullu,297011,Nirmand,7
2,Himachal Pradesh,21,Lahaul And Spiti,,,
2,Himachal Pradesh,22,Mandi,305938,Bladwara,7
2,Himachal Pradesh,22,Mandi,305979,Dharampur,7
2,Himachal Pradesh,22,Mandi,248222,Jogindarnagar,5
2,Himachal Pradesh,22,Mandi,276625,Karsog,7
2,Himachal Pradesh,22,Mandi,248225,Mandi,4
2,Himachal Pradesh,22,Mandi,274794,Nerchowk,5
2,Himachal Pradesh,22,Mandi,248226,Rawalsar,7
2,Himachal Pradesh,22,Mandi,305922,Sandhol,7
2,Himachal Pradesh,22,Mandi,248223,Sarkaghat,5
2,Himachal Pradesh,22,Mandi,248224,Sundernagar,5
2,Himachal Pradesh,23,Shimla,297013,Chirgaon,7
2,Himachal Pradesh,23,Shimla,248250,Chopal,7
2,Himachal Pradesh,23,Shimla,248251,Jubbal,7
2,Himachal Pradesh,23,Shimla,248252,Kotkhai,7
2,Himachal Pradesh,23,Shimla,248246,Narkanda,7
2,Himachal Pradesh,23,Shimla,297014,Nerwa,7
2,Himachal Pradesh,23,Shimla,248245,Rampur,5
2,Himachal Pradesh,23,Shimla,248253,Rohru,5
2,Himachal Pradesh,23,Shimla,248248,Shimla,4
2,Himachal Pradesh,23,Shimla,248247,Suni,7
2,Himachal Pradesh,23,Shimla,248249,Theog,5
2,Himachal Pradesh,24,Sirmaur,248043,Nahan,5
2,Himachal Pradesh,24,Sirmaur,248045,Paonta Sahib,5
2,Himachal Pradesh,24,Sirmaur,248047,Rajgarh,7
2,Himachal Pradesh,24,Sirmaur,305963,Sangrah,7
2,Himachal Pradesh,24,Sirmaur,305960,Shillai,7
2,Himachal Pradesh,25,Solan,248240,Arki,7
2,Himachal Pradesh,25,Solan,248242,Baddi,5
2,Himachal Pradesh,25,Solan,297010,Kandaghat,7
2,Himachal Pradesh,25,Solan,305977,Kunihar,7
2,Himachal Pradesh,25,Solan,248241,Nalagarh,5
2,Himachal Pradesh,25,Solan,248243,Parwanoo,5
2,Himachal Pradesh,25,Solan,248244,Solan,4
2,Himachal Pradesh,26,Una,297009,Amb,7
2,Himachal Pradesh,26,Una,305976,Bangana,7
2,Himachal Pradesh,26,Una,248231,Daulatpur,7
2,Himachal Pradesh,26,Una,248232,Gagret,7
2,Himachal Pradesh,26,Una,248234,Mehatpur Basdehra,5
2,Himachal Pradesh,26,Una,248235,Santokhgarh,5
2,Himachal Pradesh,26,Una,276639,Tahliwal,7
2,Himachal Pradesh,26,Una,248233,Una,5
1,Jammu And Kashmir,1,Anantnag,248172,Municipal Committee Achabal,5
1,Jammu And Kashmir,1,Anantnag,296990,Municipal Committee Ashmuqam,5
1,Jammu And Kashmir,1,Anantnag,248169,Municipal Committee Bijbehara,5
1,Jammu And Kashmir,1,Anantnag,248176,Municipal Committee Dooru Verinag,5
1,Jammu And Kashmir,1,Anantnag,248173,Municipal Committee Kokernag,5
1,Jammu And Kashmir,1,Anantnag,248170,Municipal Committee Mattan,5
1,Jammu And Kashmir,1,Anantnag,248168,Municipal Committee Pahalgam,5
1,Jammu And Kashmir,1,Anantnag,248175,Municipal Committee Qazigund,5
1,Jammu And Kashmir,1,Anantnag,296991,Municipal Committee Seer Hamdan,5
1,Jammu And Kashmir,1,Anantnag,248171,Municipal Council Anantnag,6
1,Jammu And Kashmir,623,Bandipora,248147,Municipal Committee Hajin,5
1,Jammu And Kashmir,623,Bandipora,248148,Municipal Committee Sumbal,5
1,Jammu And Kashmir,623,Bandipora,248146,Municipal Council Bandipora,6
1,Jammu And Kashmir,3,Baramulla,248154,Municipal Committee Gulmarg Tangmarg,5
1,Jammu And Kashmir,3,Baramulla,248153,Municipal Committee Kunzer,5
1,Jammu And Kashmir,3,Baramulla,248150,Municipal Committee Pattan,5
1,Jammu And Kashmir,3,Baramulla,248152,Municipal Committee Uri,5
1,Jammu And Kashmir,3,Baramulla,296985,Municipal Committee Watergam,5
1,Jammu And Kashmir,3,Baramulla,248151,Municipal Council Baramulla,6
1,Jammu And Kashmir,3,Baramulla,248149,Municipal Council Sopore,6
1,Jammu And Kashmir,2,Budgam,248158,Municipal Committee Beerwah,5
1,Jammu And Kashmir,2,Budgam,253136,Municipal Committee Chadoora,5
1,Jammu And Kashmir,2,Budgam,248161,Municipal Committee Chrari Sharief,5
1,Jammu And Kashmir,2,Budgam,248160,Municipal Committee Khansahib,5
1,Jammu And Kashmir,2,Budgam,248157,Municipal Committee Magam,5
1,Jammu And Kashmir,2,Budgam,248159,Municipal Council Budgam,6
1,Jammu And Kashmir,4,Doda,248040,Municipal Committee Bhaderwah,5
1,Jammu And Kashmir,4,Doda,254926,Municipal Committee Thathri,5
1,Jammu And Kashmir,4,Doda,248038,Municipal Council Doda,6
1,Jammu And Kashmir,626,Ganderbal,248155,Municipal Council Ganderbal,6
1,Jammu And Kashmir,5,Jammu,248194,Jammu Municipal Corporation,4
1,Jammu And Kashmir,5,Jammu,248192,Municipal Committee Akhnoor,5
1,Jammu And Kashmir,5,Jammu,248198,Municipal Committee Arnia,5
1,Jammu And Kashmir,5,Jammu,248197,Municipal Committee Bishnah,5
1,Jammu And Kashmir,5,Jammu,248195,Municipal Committee Ghou-Manhasan,5
1,Jammu And Kashmir,5,Jammu,248191,Municipal Committee Jourian,5
1,Jammu And Kashmir,5,Jammu,248193,Municipal Committee Khour,5
1,Jammu And Kashmir,5,Jammu,248196,Municipal Committee R S Pura,5
1,Jammu And Kashmir,7,Kathua,276585,Municipal Committee Basohli,5
1,Jammu And Kashmir,7,Kathua,248204,Municipal Committee Billawar,5
1,Jammu And Kashmir,7,Kathua,276594,Municipal Committee Hiranagar,5
1,Jammu And Kashmir,7,Kathua,276584,Municipal Committee Lakhanpur,5
1,Jammu And Kashmir,7,Kathua,276586,Municipal Committee Parole,5
1,Jammu And Kashmir,7,Kathua,276581,Municipal Council Kathua,6
1,Jammu And Kashmir,620,Kishtwar,248041,Municipal Council Kishtwar,6
1,Jammu And Kashmir,622,Kulgam,296987,Municipal Committee Devsar,5
1,Jammu And Kashmir,622,Kulgam,296989,Municipal Committee Frisal,5
1,Jammu And Kashmir,622,Kulgam,296988,Municipal Committee Yaripora,5
1,Jammu And Kashmir,622,Kulgam,248174,Municipal Council Kulgam,6
1,Jammu And Kashmir,8,Kupwara,248035,Municipal Committee Handwara,5
1,Jammu And Kashmir,8,Kupwara,248139,Municipal Committee Langate,5
1,Jammu And Kashmir,8,Kupwara,248034,Municipal Council Kupwara,6
1,Jammu And Kashmir,10,Poonch,253142,Municipal Committee Surankote,5
1,Jammu And Kashmir,10,Poonch,248042,Municipal Council Poonch,6
1,Jammu And Kashmir,11,Pulwama,248165,Municipal Committee Awantipora,5
1,Jammu And Kashmir,11,Pulwama,248163,Municipal Committee Khrew,5
1,Jammu And Kashmir,11,Pulwama,248162,Municipal Committee Pampore,5
1,Jammu And Kashmir,11,Pulwama,248164,Municipal Committee Tral,5
1,Jammu And Kashmir,11,Pulwama,248166,Municipal Council Pulwama,6
1,Jammu And Kashmir,12,Rajouri,296984,Municipal Committee Kalakote,5
1,Jammu And Kashmir,12,Rajouri,276593,Municipal Committee Nowshera,5
1,Jammu And Kashmir,12,Rajouri,248190,Municipal Committee Sunderbani,5
1,Jammu And Kashmir,12,Rajouri,248187,Municipal Committee Thanamandi,5
1,Jammu And Kashmir,12,Rajouri,276592,Municipal Council Rajouri,6
1,Jammu And Kashmir,621,Ramban,248036,Municipal Committee Banihal,5
1,Jammu And Kashmir,621,Ramban,248039,Municipal Committee Batote,5
1,Jammu And Kashmir,621,Ramban,248037,Municipal Council Ramban,6
1,Jammu And Kashmir,627,Reasi,276591,Municipal Committee Katra,5
1,Jammu And Kashmir,627,Reasi,276590,Municipal Council Reasi,6
1,Jammu And Kashmir,624,Samba,248199,Municipal Committee Bari Brahmana,5
1,Jammu And Kashmir,624,Samba,248203,Municipal Committee Ramgarh,5
1,Jammu And Kashmir,624,Samba,248201,Municipal Committee Vijaypur,5
1,Jammu And Kashmir,624,Samba,248202,Municipal Council Samba,6
1,Jammu And Kashmir,625,Shopian,248167,Municipal Council Shopian,6
1,Jammu And Kashmir,13,Srinagar,248156,Srinagar Municipal Corporation,4
1,Jammu And Kashmir,14,Udhampur,276588,Municipal Committee Chenani,5
1,Jammu And Kashmir,14,Udhampur,276589,Municipal Committee Ramnagar,5
1,Jammu And Kashmir,14,Udhampur,276587,Municipal Council Udhampur,6
20,Jharkhand,322,Bokaro,248056,Chas,4
20,Jharkhand,322,Bokaro,248136,Phusro,5
20,Jharkhand,323,Chatra,248129,Chatra,5
20,Jharkhand,324,Deoghar,248049,Deoghar,4
20,Jharkhand,324,Deoghar,248050,Madhupur,5
20,Jharkhand,325,Dhanbad,248055,Chirkunda,5
20,Jharkhand,325,Dhanbad,250378,Dhanbad,4
20,Jharkhand,326,Dumka,250352,Basukinath,7
20,Jharkhand,326,Dumka,248054,Dumka,5
20,Jharkhand,327,East Singhbum,250445,Chakulia,7
20,Jharkhand,327,East Singhbum,250434,Jamshedpur,6
20,Jharkhand,327,East Singhbum,250435,Jugsalai,5
20,Jharkhand,327,East Singhbum,250433,Mango,4
20,Jharkhand,328,Garhwa,248128,Garhwa,5
20,Jharkhand,328,Garhwa,253228,Manjhiaon,7
20,Jharkhand,328,Garhwa,274815,Nagar Untari Nagar Panchayat,7
20,Jharkhand,329,Giridih,290364,Badaki Suriya,7
20,Jharkhand,329,Giridih,277138,Dhanwar,7
20,Jharkhand,329,Giridih,250349,Giridih Municipal Corporation,4
20,Jharkhand,330,Godda,248051,Godda,5
20,Jharkhand,330,Godda,300370,Mahagama Municipal Corporation,7
20,Jharkhand,331,Gumla,248057,Gumla,5
20,Jharkhand,332,Hazaribagh,248130,Hazaribag,4
20,Jharkhand,333,Jamtara,248134,Jamtara,7
20,Jharkhand,333,Jamtara,248135,Mihijam,5
20,Jharkhand,606,Khunti,250414,Khunti,7
20,Jharkhand,334,Koderma,277135,Domchanch,7
20,Jharkhand,334,Koderma,248132,Jhumri Telaiya,5
20,Jharkhand,334,Koderma,248131,Kodarma,7
20,Jharkhand,335,Latehar,250326,Latehar,7
20,Jharkhand,336,Lohardaga,248137,Lohardaga,5
20,Jharkhand,337,Pakur,248133,Pakur,5
20,Jharkhand,338,Palamu,253231,Bishrampur,5
20,Jharkhand,338,Palamu,300374,Chhatarpur ,7
20,Jharkhand,338,Palamu,300371,Hariharganj Municipal Corporation,4
20,Jharkhand,338,Palamu,250323,Hussainabad,7
20,Jharkhand,338,Palamu,250324,Medininagar (Daltonganj) Municipal Corporation,4
20,Jharkhand,607,Ramgarh,274814,Ramgarh Nagar Parishad,5
20,Jharkhand,339,Ranchi,250415,Bundu,7
20,Jharkhand,339,Ranchi,250413,Ranchi,4
20,Jharkhand,340,Sahebganj,277137,Barharwa,7
20,Jharkhand,340,Sahebganj,248053,Rajmahal,7
20,Jharkhand,340,Sahebganj,248052,Sahibganj,5
20,Jharkhand,341,Saraikela Kharsawan,253166,Adityapur,4
20,Jharkhand,341,Saraikela Kharsawan,276352,Kapali,5
20,Jharkhand,341,Saraikela Kharsawan,250423,Seraikella,7
20,Jharkhand,342,Simdega,248138,Simdega,5
20,Jharkhand,343,West Singhbhum,250430,Chaibasa,5
20,Jharkhand,343,West Singhbhum,250416,Chakradharpur,5
29,Karnataka,524,Bagalkote,276597,Aminagad,7
29,Karnataka,524,Bagalkote,251837,Badami,25
29,Karnataka,524,Bagalkote,251839,Bagalkot,24
29,Karnataka,524,Bagalkote,276529,Belagali,7
29,Karnataka,524,Bagalkote,251834,Bilgi,7
29,Karnataka,524,Bagalkote,251838,Guledgudda,25
29,Karnataka,524,Bagalkote,251840,Hungund,25
29,Karnataka,524,Bagalkote,251841,Ilkal,24
29,Karnataka,524,Bagalkote,251832,Jamkhandi,24
29,Karnataka,524,Bagalkote,301079,Kamatagi,7
29,Karnataka,524,Bagalkote,251836,Kerur,7
29,Karnataka,524,Bagalkote,299317,Lokapura,7
29,Karnataka,524,Bagalkote,251830,Mahalingpur,25
29,Karnataka,524,Bagalkote,251835,Mudhol,24
29,Karnataka,524,Bagalkote,251833,Rabkavi-Banhatti,24
29,Karnataka,524,Bagalkote,299179,Shiruru,7
29,Karnataka,524,Bagalkote,251831,Terdal,25
29,Karnataka,528,Ballari,251927,Ballari,4
29,Karnataka,528,Ballari,251922,Hosapete,24
29,Karnataka,528,Ballari,251924,Kampli,25
29,Karnataka,528,Ballari,276534,Kudutini,7
29,Karnataka,528,Ballari,276538,Kurekuppa,25
29,Karnataka,528,Ballari,276532,Kurugodu,25
29,Karnataka,528,Ballari,251929,Sandur,25
29,Karnataka,528,Ballari,251925,Siruguppa,24
29,Karnataka,528,Ballari,251926,Tekkalakote,7
29,Karnataka,527,Belagavi,276618,Ainapur,7
29,Karnataka,527,Belagavi,299329,Ankalagi-Akkathangerahal,7
29,Karnataka,527,Belagavi,276577,Arabhavi,7
29,Karnataka,527,Belagavi,251812,Athni,25
29,Karnataka,527,Belagavi,251827,Bail Hongal,24
29,Karnataka,527,Belagavi,251824,Belagavi,4
29,Karnataka,527,Belagavi,305546,Benakanahalli,7
29,Karnataka,527,Belagavi,276583,Boragaon,7
29,Karnataka,527,Belagavi,276578,Chennammana Kittur,7
29,Karnataka,527,Belagavi,251811,Chikodi,25
29,Karnataka,527,Belagavi,276477,Chinchali,7
29,Karnataka,527,Belagavi,276575,Examba,7
29,Karnataka,527,Belagavi,276574,Ghataprabha,25
29,Karnataka,527,Belagavi,251818,Gokak,24
29,Karnataka,527,Belagavi,305550,HIREBAGEWADI,7
29,Karnataka,527,Belagavi,276569,Harogeri,25
29,Karnataka,527,Belagavi,305548,Hindalaga,7
29,Karnataka,527,Belagavi,251820,Hukeri,25
29,Karnataka,527,Belagavi,276483,Kabbur,7
29,Karnataka,527,Belagavi,299331,Kagawada,7
29,Karnataka,527,Belagavi,276576,Kallolli,7
29,Karnataka,527,Belagavi,276567,Kankanavadi,7
29,Karnataka,527,Belagavi,251825,Khanapur,7
29,Karnataka,527,Belagavi,251816,Konnur,25
29,Karnataka,527,Belagavi,251813,Kudchi,25
29,Karnataka,527,Belagavi,299332,Machhe,7
29,Karnataka,527,Belagavi,299417,Mkhubballi,7
29,Karnataka,527,Belagavi,251815,Mudalgi,25
29,Karnataka,527,Belagavi,276563,Mugalakoda,25
29,Karnataka,527,Belagavi,276564,Munavalli,25
29,Karnataka,527,Belagavi,301061,Naganur,7
29,Karnataka,527,Belagavi,251809,Nipani,24
29,Karnataka,527,Belagavi,299333,Peeranawadi,7
29,Karnataka,527,Belagavi,251829,Ramdurg,25
29,Karnataka,527,Belagavi,251814,Raybag,7
29,Karnataka,527,Belagavi,251810,Sadalgi,25
29,Karnataka,527,Belagavi,251819,Sankeshwar,25
29,Karnataka,527,Belagavi,251828,Saundatti-Yellamma,24
29,Karnataka,527,Belagavi,276579,Shedbala,7
29,Karnataka,527,Belagavi,276565,Ugar Khurda,25
29,Karnataka,527,Belagavi,299330,Yaragatti,7
29,Karnataka,526,Bengaluru Rural,299169,Bashettihalli,7
29,Karnataka,526,Bengaluru Rural,251994,Devanahalli,25
29,Karnataka,526,Bengaluru Rural,251992,Dod Ballapur,24
29,Karnataka,526,Bengaluru Rural,251995,Hosakote,24
29,Karnataka,526,Bengaluru Rural,251996,Magadi,25
29,Karnataka,526,Bengaluru Rural,251990,Nelamangala,24
29,Karnataka,526,Bengaluru Rural,251842,Vijayapura,25
29,Karnataka,631,Bengaluru South,276526,Bidadi,25
29,Karnataka,631,Bengaluru South,253185,Channapatna,24
29,Karnataka,631,Bengaluru South,299326,Harohalli,7
29,Karnataka,631,Bengaluru South,253188,Kanakpura,24
29,Karnataka,631,Bengaluru South,251996,Magadi,25
29,Karnataka,631,Bengaluru South,253186,Ramanagara,24
29,Karnataka,525,Bengaluru Urban,253189,Anekal,25
29,Karnataka,525,Bengaluru Urban,276539,Attibele,25
29,Karnataka,525,Bengaluru Urban,305851,Bengaluru Central City Corporation(Gba),4
29,Karnataka,525,Bengaluru Urban,305850,Bengaluru East City Corporation,4
29,Karnataka,525,Bengaluru Urban,305853,Bengaluru North City Corporation (Gba),4
29,Karnataka,525,Bengaluru Urban,305852,Bengaluru South City Corporation (Gba),4
29,Karnataka,525,Bengaluru Urban,305854,Bengaluru West City Corporation (Gba),4
29,Karnataka,525,Bengaluru Urban,276537,Bommasandra,25
29,Karnataka,525,Bengaluru Urban,276533,Chandapura,25
29,Karnataka,525,Bengaluru Urban,299318,Chikkabanavara,25
29,Karnataka,525,Bengaluru Urban,301176,Doddathoguru,7
29,Karnataka,525,Bengaluru Urban,276463,Hebbugodi,24
29,Karnataka,525,Bengaluru Urban,299319,Hunasamaranahalli,25
29,Karnataka,525,Bengaluru Urban,276464,Jigani,25
29,Karnataka,525,Bengaluru Urban,301790,Konappanaagrahara,25
29,Karnataka,525,Bengaluru Urban,296975,Madanayakanahalli,24
29,Karnataka,529,Bidar,251866,Aurad,7
29,Karnataka,529,Bidar,251864,Basavakalyan,24
29,Karnataka,529,Bidar,251865,Bhalki,25
29,Karnataka,529,Bidar,251867,Bidar,4
29,Karnataka,529,Bidar,251869,Chitgoppa,25
29,Karnataka,529,Bidar,277668,Hallikheda (B),25
29,Karnataka,529,Bidar,251868,Homnabad,25
29,Karnataka,529,Bidar,305557,Rajeshwara,7
29,Karnataka,531,Chamarajanagar,252054,Chamarajanagar,24
29,Karnataka,531,Chamarajanagar,252053,Gundlupet,25
29,Karnataka,531,Chamarajanagar,253130,Hanur,7
29,Karnataka,531,Chamarajanagar,252056,Kollegal,24
29,Karnataka,531,Chamarajanagar,252055,Yelandur,7
29,Karnataka,630,Chikkaballapura,305603,Allipur,7
29,Karnataka,630,Chikkaballapura,251981,Bagepalli,25
29,Karnataka,630,Chikkaballapura,251979,Chik Ballapur,24
29,Karnataka,630,Chikkaballapura,251983,Chintamani,24
29,Karnataka,630,Chikkaballapura,251978,Gauribidanur,24
29,Karnataka,630,Chikkaballapura,251980,Gudibanda,7
29,Karnataka,630,Chikkaballapura,305605,Kaiwara ,7
29,Karnataka,630,Chikkaballapura,251982,Sidlaghatta,24
29,Karnataka,532,Chikkamagaluru,296977,Ajjampura,7
29,Karnataka,532,Chikkamagaluru,251963,Birur,25
29,Karnataka,532,Chikkamagaluru,251965,Chikkamagaluru,24
29,Karnataka,532,Chikkamagaluru,251964,Kadur,25
29,Karnataka,532,Chikkamagaluru,251960,Koppa,7
29,Karnataka,532,Chikkamagaluru,251967,Kudremukh,6
29,Karnataka,532,Chikkamagaluru,301082,Mudigere,7
29,Karnataka,532,Chikkamagaluru,251961,Narasimharajapura,7
29,Karnataka,532,Chikkamagaluru,251959,Sringeri,7
29,Karnataka,532,Chikkamagaluru,251962,Tarikere,25
29,Karnataka,533,Chitradurga,251933,Challakere,24
29,Karnataka,533,Chitradurga,251934,Chitradurga,24
29,Karnataka,533,Chitradurga,251937,Hiriyur,24
29,Karnataka,533,Chitradurga,251935,Holalkere,25
29,Karnataka,533,Chitradurga,251936,Hosdurga,25
29,Karnataka,533,Chitradurga,251932,Molakalmuru,7
29,Karnataka,533,Chitradurga,276542,Nayakanahatti,7
29,Karnataka,534,Dakshina Kannada,299320,Bajape,7
29,Karnataka,534,Dakshina Kannada,252033,Bantval,25
29,Karnataka,534,Dakshina Kannada,252034,Beltangadi,7
29,Karnataka,534,Dakshina Kannada,296954,Kadaba,7
29,Karnataka,534,Dakshina Kannada,299321,Kinnigoli,7
29,Karnataka,534,Dakshina Kannada,276555,Kotekar,7
29,Karnataka,534,Dakshina Kannada,252021,Mangaluru,4
29,Karnataka,534,Dakshina Kannada,252018,Mudbidri,25
29,Karnataka,534,Dakshina Kannada,252017,Mulki,7
29,Karnataka,534,Dakshina Kannada,252035,Puttur,24
29,Karnataka,534,Dakshina Kannada,252029,Someshwar,25
29,Karnataka,534,Dakshina Kannada,252036,Sulya,7
29,Karnataka,534,Dakshina Kannada,252027,Ullal,24
29,Karnataka,534,Dakshina Kannada,276554,Vitla,7
29,Karnataka,535,Davanagere,251943,Channagiri,25
29,Karnataka,535,Davanagere,251941,Davanagere,4
29,Karnataka,535,Davanagere,251938,Harihar,24
29,Karnataka,535,Davanagere,251942,Honnali,25
29,Karnataka,535,Davanagere,251940,Jagalur,7
29,Karnataka,535,Davanagere,276556,Malebennuru,25
29,Karnataka,535,Davanagere,299183,Nyamathi,7
29,Karnataka,536,Dharwad,251894,Alnavar,7
29,Karnataka,536,Dharwad,251896,Annigeri,25
29,Karnataka,536,Dharwad,251893,Hubballi-Dharwad,4
29,Karnataka,536,Dharwad,251897,Kalghatgi,7
29,Karnataka,536,Dharwad,251898,Kundgol,7
29,Karnataka,536,Dharwad,251895,Navalgund,25
29,Karnataka,537,Gadag,251888,Gadag-Betigeri,24
29,Karnataka,537,Gadag,251886,Gajendragarh,25
29,Karnataka,537,Gadag,251891,Lakshmeshwar,25
29,Karnataka,537,Gadag,251889,Mulgund,7
29,Karnataka,537,Gadag,251892,Mundargi,25
29,Karnataka,537,Gadag,251887,Naregal,7
29,Karnataka,537,Gadag,251884,Nargund,25
29,Karnataka,537,Gadag,251885,Ron,25
29,Karnataka,537,Gadag,251890,Shirahatti,7
29,Karnataka,539,Hassan,252013,Alur,7
29,Karnataka,539,Hassan,252014,Arkalgud,7
29,Karnataka,539,Hassan,252010,Arsikere,24
29,Karnataka,539,Hassan,306031,Banavar,7
29,Karnataka,539,Hassan,252009,Belur,25
29,Karnataka,539,Hassan,252016,Channarayapatna,25
29,Karnataka,539,Hassan,252012,Hassan,4
29,Karnataka,539,Hassan,252015,Hole Narsipur,25
29,Karnataka,539,Hassan,252008,Sakleshpur,25
29,Karnataka,540,Haveri,251913,Bankapura,25
29,Karnataka,540,Haveri,251917,Byadgi,25
29,Karnataka,540,Haveri,276521,Guttal,7
29,Karnataka,540,Haveri,251915,Hangal,25
29,Karnataka,540,Haveri,251916,Haveri,24
29,Karnataka,540,Haveri,251918,Hirekerur,7
29,Karnataka,540,Haveri,251919,Ranibennur,24
29,Karnataka,540,Haveri,296955,Rattihalli,7
29,Karnataka,540,Haveri,251914,Savanur,25
29,Karnataka,540,Haveri,251912,Shiggaon,25
29,Karnataka,538,Kalaburagi,251849,Afzalpur,25
29,Karnataka,538,Kalaburagi,251848,Aland,25
29,Karnataka,538,Kalaburagi,276568,Chincholi,25
29,Karnataka,538,Kalaburagi,251853,Chittapura,25
29,Karnataka,538,Kalaburagi,251858,Jevargi,25
29,Karnataka,538,Kalaburagi,248127,Kalaburagi City Corporation,4
29,Karnataka,538,Kalaburagi,296978,Kalagi,7
29,Karnataka,538,Kalaburagi,301080,Kamalapura Kalburgi,7
29,Karnataka,538,Kalaburagi,251852,Sedam,25
29,Karnataka,538,Kalaburagi,251855,Shahabad,24
29,Karnataka,538,Kalaburagi,251854,Shahabad Acc,6
29,Karnataka,538,Kalaburagi,251856,Wadi,25
29,Karnataka,538,Kalaburagi,297132,Yadrami,7
29,Karnataka,541,Kodagu,252039,Kushalnagar,25
29,Karnataka,541,Kodagu,252037,Madikeri,24
29,Karnataka,541,Kodagu,301819,Ponnampete,7
29,Karnataka,541,Kodagu,252038,Somvarpet,7
29,Karnataka,541,Kodagu,252040,Virajpet,25
29,Karnataka,542,Kolar,299416,Bangarpete,24
29,Karnataka,542,Kolar,251985,Kolar,24
29,Karnataka,542,Kolar,251986,Malur,24
29,Karnataka,542,Kolar,251989,Mulbagal,24
29,Karnataka,542,Kolar,251988,Robertson Pet,24
29,Karnataka,542,Kolar,251984,Srinivaspur,25
29,Karnataka,542,Kolar,301054,Vemgal-Kurugol,7
29,Karnataka,543,Koppal,276604,Bhagyanagara,7
29,Karnataka,543,Koppal,251881,Gangawati,24
29,Karnataka,543,Koppal,305606,Hanumasagara,7
29,Karnataka,543,Koppal,276599,Kanakgiri,7
29,Karnataka,543,Koppal,276496,Karatagi,25
29,Karnataka,543,Koppal,251882,Koppal,24
29,Karnataka,543,Koppal,276497,Kukanooru,7
29,Karnataka,543,Koppal,251880,Kushtagi,25
29,Karnataka,543,Koppal,276601,Tavaragera,7
29,Karnataka,543,Koppal,251879,Yelburga,7
29,Karnataka,544,Mandya,276602,Belluru,7
29,Karnataka,544,Mandya,252001,Krishnarajpet,25
29,Karnataka,544,Mandya,252006,Maddur,24
29,Karnataka,544,Mandya,252007,Malavalli,25
29,Karnataka,544,Mandya,252005,Mandya,24
29,Karnataka,544,Mandya,252002,Nagamangala,25
29,Karnataka,544,Mandya,252003,Pandavapura,25
29,Karnataka,544,Mandya,252004,Shrirangapattana,25
29,Karnataka,545,Mysuru,252051,Bannur,25
29,Karnataka,545,Mysuru,299334,Bogadi,7
29,Karnataka,545,Mysuru,252049,Heggadadevankote,25
29,Karnataka,545,Mysuru,299335,Hootagalli,24
29,Karnataka,545,Mysuru,252043,Hunsur,24
29,Karnataka,545,Mysuru,299323,Kadakola,7
29,Karnataka,545,Mysuru,301081,Kr Nagar,25
29,Karnataka,545,Mysuru,252045,Mysuru,4
29,Karnataka,545,Mysuru,252050,Nanjangud,24
29,Karnataka,545,Mysuru,252042,Piriyapatna,25
29,Karnataka,545,Mysuru,299322,Rammanahalli,7
29,Karnataka,545,Mysuru,253132,Saragur,7
29,Karnataka,545,Mysuru,299325,Srirampura,7
29,Karnataka,545,Mysuru,305558,Talakadu,7
29,Karnataka,545,Mysuru,252052,Tirumakudal - Narsipur,25
29,Karnataka,546,Raichur,276523,Balaganur,7
29,Karnataka,546,Raichur,251874,Devadurga,25
29,Karnataka,546,Raichur,251873,Hatti,7
29,Karnataka,546,Raichur,251872,Hatti Gold Mines,6
29,Karnataka,546,Raichur,276522,Kavital,7
29,Karnataka,546,Raichur,251871,Lingasugur,25
29,Karnataka,546,Raichur,251877,Manvi,25
29,Karnataka,546,Raichur,276519,Maski,25
29,Karnataka,546,Raichur,251870,Mudgal,25
29,Karnataka,546,Raichur,251876,Raichur,4
29,Karnataka,546,Raichur,251878,Sindhnur,24
29,Karnataka,546,Raichur,276605,Siravara,7
29,Karnataka,546,Raichur,276524,Turvihal,7
29,Karnataka,547,Shivamogga,299181,Anavatti,7
29,Karnataka,547,Shivamogga,251952,Bhadravati,24
29,Karnataka,547,Shivamogga,299180,Holehonnuru,7
29,Karnataka,547,Shivamogga,251949,Hosanagara,7
29,Karnataka,547,Shivamogga,263293,Jog-Kargal,7
29,Karnataka,547,Shivamogga,251945,Sagar,24
29,Karnataka,547,Shivamogga,251948,Shikarpur,25
29,Karnataka,547,Shivamogga,251951,Shivamogga,4
29,Karnataka,547,Shivamogga,251947,Siralkoppa,25
29,Karnataka,547,Shivamogga,251946,Sorab,25
29,Karnataka,547,Shivamogga,251950,Tirthahalli,7
29,Karnataka,548,Tumakuru,251968,Chiknayakanhalli,25
29,Karnataka,548,Tumakuru,251974,Gubbi,7
29,Karnataka,548,Tumakuru,297133,Huliyaru,7
29,Karnataka,548,Tumakuru,251972,Koratagere,7
29,Karnataka,548,Tumakuru,251977,Kunigal,25
29,Karnataka,548,Tumakuru,251971,Madhugiri,25
29,Karnataka,548,Tumakuru,251970,Pavagada,25
29,Karnataka,548,Tumakuru,251969,Sira,24
29,Karnataka,548,Tumakuru,251975,Tiptur,24
29,Karnataka,548,Tumakuru,251973,Tumakuru,4
29,Karnataka,548,Tumakuru,251976,Turuvekere,7
29,Karnataka,549,Udupi,297129,Bainduru,7
29,Karnataka,549,Udupi,301055,Kapu,25
29,Karnataka,549,Udupi,251958,Karkal,25
29,Karnataka,549,Udupi,251953,Kundapura,25
29,Karnataka,549,Udupi,251954,Saligram,7
29,Karnataka,549,Udupi,251955,Udupi,24
29,Karnataka,550,Uttara Kannada,251906,Ankola,25
29,Karnataka,550,Uttara Kannada,251911,Bhatkal,24
29,Karnataka,550,Uttara Kannada,251899,Dandeli,24
29,Karnataka,550,Uttara Kannada,251901,Haliyal,25
29,Karnataka,550,Uttara Kannada,251909,Honavar,7
29,Karnataka,550,Uttara Kannada,251900,Karwar,24
29,Karnataka,550,Uttara Kannada,251907,Kumta,25
29,Karnataka,550,Uttara Kannada,299328,Manki,7
29,Karnataka,550,Uttara Kannada,251904,Mundgod,7
29,Karnataka,550,Uttara Kannada,251908,Siddapur,7
29,Karnataka,550,Uttara Kannada,251905,Sirsi,24
29,Karnataka,550,Uttara Kannada,251903,Yellapur,7
29,Karnataka,738,Vijayanagara,276535,Hagaribommanahalli,25
29,Karnataka,738,Vijayanagara,251939,Harapanahalli,24
29,Karnataka,738,Vijayanagara,251921,Hoovina Hadagalli,25
29,Karnataka,738,Vijayanagara,251922,Hosapete,24
29,Karnataka,738,Vijayanagara,276611,Kamalapura,25
29,Karnataka,738,Vijayanagara,251931,Kotturu,7
29,Karnataka,738,Vijayanagara,251930,Kudligi,7
29,Karnataka,738,Vijayanagara,276474,Mariyammanahalli,7
29,Karnataka,530,Vijayapura,276540,Alamela,7
29,Karnataka,530,Vijayapura,299327,Babaleshwar,7
29,Karnataka,530,Vijayapura,251845,Basavana Bagevadi,25
29,Karnataka,530,Vijayapura,276559,Chadachana,7
29,Karnataka,530,Vijayapura,276558,Devarahipparagi,7
29,Karnataka,530,Vijayapura,251843,Indi,24
29,Karnataka,530,Vijayapura,276543,Kolhara,7
29,Karnataka,530,Vijayapura,276541,Managuli,7
29,Karnataka,530,Vijayapura,251846,Muddebihal,25
29,Karnataka,530,Vijayapura,276544,Nalatavada,7
29,Karnataka,530,Vijayapura,276557,Nidagundi,7
29,Karnataka,530,Vijayapura,251844,Sindgi,25
29,Karnataka,530,Vijayapura,251847,Talikota,25
29,Karnataka,530,Vijayapura,297131,Tikota,7
29,Karnataka,530,Vijayapura,251993,Vijayapura,4
29,Karnataka,635,Yadgir,251860,Bhimarayanagudi,6
29,Karnataka,635,Yadgir,305604,Dhoranahalli ,7
29,Karnataka,635,Yadgir,251862,Gurmatkal,25
29,Karnataka,635,Yadgir,296976,Hunasagi,7
29,Karnataka,635,Yadgir,276560,Kakkera,25
29,Karnataka,635,Yadgir,276516,Kembhavi,25
29,Karnataka,635,Yadgir,251861,Shahpur,24
29,Karnataka,635,Yadgir,251859,Surapur,24
29,Karnataka,635,Yadgir,251863,Yadgir,24
32,Kerala,554,Alappuzha,252247,Alappuzha,5
32,Kerala,554,Alappuzha,252249,Chengannur,5
32,Kerala,554,Alappuzha,252242,Cherthala,5
32,Kerala,554,Alappuzha,272880,Harippad,5
32,Kerala,554,Alappuzha,252248,Kayamkulam,5
32,Kerala,554,Alappuzha,252250,Mavelikkara,5
32,Kerala,555,Ernakulam,252211,Aluva,5
32,Kerala,555,Ernakulam,252208,Angamaly,5
32,Kerala,555,Ernakulam,252218,Eloor,5
32,Kerala,555,Ernakulam,252224,Kalamassery,5
32,Kerala,555,Ernakulam,252220,Kochi,4
32,Kerala,555,Ernakulam,272881,Koothattukulam,5
32,Kerala,555,Ernakulam,252231,Kothamangalam,5
32,Kerala,555,Ernakulam,252226,Maradu,5
32,Kerala,555,Ernakulam,252230,Muvattupuzha,5
32,Kerala,555,Ernakulam,252215,Paravur,5
32,Kerala,555,Ernakulam,252207,Perumbavoor,5
32,Kerala,555,Ernakulam,272882,Piravom,5
32,Kerala,555,Ernakulam,259708,Thrikkakara,5
32,Kerala,555,Ernakulam,252227,Thrippunithura,5
32,Kerala,556,Idukki,272883,Kattappana,5
32,Kerala,556,Idukki,252233,Thodupuzha,5
32,Kerala,557,Kannur,272915,Anthur,5
32,Kerala,557,Kannur,272890,Iritty,5
32,Kerala,557,Kannur,252125,Kannur,4
32,Kerala,557,Kannur,252144,Koothuparamba,5
32,Kerala,557,Kannur,252139,Mattannur,5
32,Kerala,557,Kannur,272885,Panoor,5
32,Kerala,557,Kannur,252111,Payyannur,5
32,Kerala,557,Kannur,272884,Sreekandapuram,5
32,Kerala,557,Kannur,252112,Taliparamba,5
32,Kerala,557,Kannur,252149,Thalassery,5
32,Kerala,558,Kasaragod,252110,Kanhangad,5
32,Kerala,558,Kasaragod,252108,Kasaragod,5
32,Kerala,558,Kasaragod,259711,Nileshwar,5
32,Kerala,559,Kollam,259707,Karunagappally,5
32,Kerala,559,Kollam,252255,Kollam,4
32,Kerala,559,Kollam,272889,Kottarakkara,5
32,Kerala,559,Kollam,252256,Paravoor,5
32,Kerala,559,Kollam,252254,Punalur,5
32,Kerala,560,Kottayam,252239,Changanassery,5
32,Kerala,560,Kottayam,272892,Erattupetta,5
32,Kerala,560,Kottayam,272891,Ettumanoor,5
32,Kerala,560,Kottayam,252238,Kottayam,5
32,Kerala,560,Kottayam,252234,Palai,5
32,Kerala,560,Kottayam,252236,Vaikom,5
32,Kerala,561,Kozhikode,272900,Feroke,5
32,Kerala,561,Kozhikode,272897,Koduvally,5
32,Kerala,561,Kozhikode,252159,Koyilandy,5
32,Kerala,561,Kozhikode,252160,Kozhikode,4
32,Kerala,561,Kozhikode,272898,Mukkom,5
32,Kerala,561,Kozhikode,272896,Payyoli,5
32,Kerala,561,Kozhikode,272899,Ramanattukara,5
32,Kerala,561,Kozhikode,252157,Vatakara,5
32,Kerala,562,Malappuram,272901,Kondotty,5
32,Kerala,562,Malappuram,259709,Kottakkal,5
32,Kerala,562,Malappuram,252170,Malappuram,5
32,Kerala,562,Malappuram,252169,Manjeri,5
32,Kerala,562,Malappuram,259710,Nilambur,5
32,Kerala,562,Malappuram,272912,Parappanangadi,5
32,Kerala,562,Malappuram,252171,Perinthalmanna,5
32,Kerala,562,Malappuram,252173,Ponnani,5
32,Kerala,562,Malappuram,272904,Tanur,5
32,Kerala,562,Malappuram,252172,Tirur,5
32,Kerala,562,Malappuram,272903,Tirurangadi,5
32,Kerala,562,Malappuram,272902,Valanchery,5
32,Kerala,563,Palakkad,272906,Cherpulassery,5
32,Kerala,563,Palakkad,252178,Chittur-Thathamangalam,5
32,Kerala,563,Palakkad,272907,Mannarkad,5
32,Kerala,563,Palakkad,252175,Ottappalam,5
32,Kerala,563,Palakkad,252176,Palakkad,5
32,Kerala,563,Palakkad,272905,Pattambi,5
32,Kerala,563,Palakkad,252174,Shoranur,5
32,Kerala,564,Pathanamthitta,252253,Adoor,5
32,Kerala,564,Pathanamthitta,272908,Pandalam,5
32,Kerala,564,Pathanamthitta,252252,Pathanamthitta,5
32,Kerala,564,Pathanamthitta,252251,Thiruvalla,5
32,Kerala,565,Thiruvananthapuram,252258,Attingal,5
32,Kerala,565,Thiruvananthapuram,252259,Nedumangad,5
32,Kerala,565,Thiruvananthapuram,252261,Neyyattinkara,5
32,Kerala,565,Thiruvananthapuram,252260,Thiruvananthapuram,4
32,Kerala,565,Thiruvananthapuram,252257,Varkala,5
32,Kerala,566,Thrissur,252205,Chalakudy,5
32,Kerala,566,Thrissur,252181,Chavakkad,5
32,Kerala,566,Thrissur,252184,Guruvayoor,5
32,Kerala,566,Thrissur,252204,Irinjalakuda,5
32,Kerala,566,Thrissur,252200,Kodungallur,5
32,Kerala,566,Thrissur,252180,Kunnamkulam,5
32,Kerala,566,Thrissur,252194,Thrissur,4
32,Kerala,566,Thrissur,272909,Wadakkanchery,5
32,Kerala,567,Wayanad,252155,Kalpetta,5
32,Kerala,567,Wayanad,272910,Mananthavady,5
32,Kerala,567,Wayanad,272911,Sulthanbathery,5
37,Ladakh,6,Kargil,248178,Kargil,5
37,Ladakh,9,Leh Ladakh,248177,Leh,5
31,Lakshadweep,553,Lakshadweep District,,,
23,Madhya Pradesh,667,Agar-Malwa,250858,Agar,5
23,Madhya Pradesh,667,Agar-Malwa,250733,Badagaon Shajapur,7
23,Madhya Pradesh,667,Agar-Malwa,250857,Badod,7
23,Madhya Pradesh,667,Agar-Malwa,250859,Kanad,7
23,Madhya Pradesh,667,Agar-Malwa,250855,Nalkheda,7
23,Madhya Pradesh,667,Agar-Malwa,250853,Soyatkalan,7
23,Madhya Pradesh,667,Agar-Malwa,250854,Susner,7
23,Madhya Pradesh,639,Alirajpur,250882,Alirajpur,5
23,Madhya Pradesh,639,Alirajpur,250880,Bhavra,7
23,Madhya Pradesh,639,Alirajpur,250881,Jobat,7
23,Madhya Pradesh,390,Anuppur,253195,Amarkantak,7
23,Madhya Pradesh,390,Anuppur,265847,Anuppur Np,5
23,Madhya Pradesh,390,Anuppur,299804,Bargawan (Amlai),7
23,Madhya Pradesh,390,Anuppur,253194,Bijuri,5
23,Madhya Pradesh,390,Anuppur,298927,Dola,7
23,Madhya Pradesh,390,Anuppur,298928,Doomar Kachhar,7
23,Madhya Pradesh,390,Anuppur,253196,Jaithari,7
23,Madhya Pradesh,390,Anuppur,253193,Kotma,5
23,Madhya Pradesh,390,Anuppur,253197,Pasan,5
23,Madhya Pradesh,390,Anuppur,299278,Rajnagar Bangawan,7
23,Madhya Pradesh,391,Ashoknagar,250715,Ashoknagar,5
23,Madhya Pradesh,391,Ashoknagar,250713,Chanderi,5
23,Madhya Pradesh,391,Ashoknagar,250712,Isagarh,7
23,Madhya Pradesh,391,Ashoknagar,250717,Mungaoli,7
23,Madhya Pradesh,391,Ashoknagar,299252,Piprai,7
23,Madhya Pradesh,391,Ashoknagar,262977,Shadora,7
23,Madhya Pradesh,392,Balaghat,251041,Baihar,7
23,Madhya Pradesh,392,Balaghat,251040,Balaghat,5
23,Madhya Pradesh,392,Balaghat,250984,Katangi,7
23,Madhya Pradesh,392,Balaghat,253162,Lanji,7
23,Madhya Pradesh,392,Balaghat,251042,Malajkhand,5
23,Madhya Pradesh,392,Balaghat,251037,Waraseoni,5
23,Madhya Pradesh,393,Barwani,250915,Anjad,7
23,Madhya Pradesh,393,Barwani,250914,Barwani,5
23,Madhya Pradesh,393,Barwani,250918,Khetia,7
23,Madhya Pradesh,393,Barwani,297118,Niwali Bujurg,7
23,Madhya Pradesh,393,Barwani,253251,Palsud,7
23,Madhya Pradesh,393,Barwani,250917,Pansemal,7
23,Madhya Pradesh,393,Barwani,250916,Rajpur,7
23,Madhya Pradesh,393,Barwani,250919,Sendhwa,5
23,Madhya Pradesh,393,Barwani,297119,Thikri,7
23,Madhya Pradesh,394,Betul,248073,Amla,5
23,Madhya Pradesh,394,Betul,263361,Athner,7
23,Madhya Pradesh,394,Betul,248072,Betul,5
23,Madhya Pradesh,394,Betul,248070,Betul Bazar,7
23,Madhya Pradesh,394,Betul,250964,Bhainsdehi,7
23,Madhya Pradesh,394,Betul,263218,Chicholi,7
23,Madhya Pradesh,394,Betul,298919,Ghodadongri,7
23,Madhya Pradesh,394,Betul,248071,Multai,5
23,Madhya Pradesh,394,Betul,248069,Sarni,5
23,Madhya Pradesh,394,Betul,298920,Shahpur,7
23,Madhya Pradesh,395,Bhind,250685,Akoda,7
23,Madhya Pradesh,395,Bhind,250692,Alampur,7
23,Madhya Pradesh,395,Bhind,250684,Bhind,5
23,Madhya Pradesh,395,Bhind,250693,Daboh,7
23,Madhya Pradesh,395,Bhind,250688,Gohad,5
23,Madhya Pradesh,395,Bhind,250686,Gormi,7
23,Madhya Pradesh,395,Bhind,250691,Lahar,5
23,Madhya Pradesh,395,Bhind,298924,Malanpur,7
23,Madhya Pradesh,395,Bhind,250689,Mau,7
23,Madhya Pradesh,395,Bhind,290392,Mehgaon,7
23,Madhya Pradesh,395,Bhind,250690,Mihona,7
23,Madhya Pradesh,395,Bhind,250683,Phuphkalan,7
23,Madhya Pradesh,395,Bhind,298923,Roun,7
23,Madhya Pradesh,396,Bhopal,250945,Berasia,5
23,Madhya Pradesh,396,Bhopal,250946,Bhopal,4
23,Madhya Pradesh,397,Burhanpur,250925,Burhanpur,4
23,Madhya Pradesh,397,Burhanpur,250927,Nepanagar,5
23,Madhya Pradesh,397,Burhanpur,250926,Shahpur Burhanpur,7
23,Madhya Pradesh,398,Chhatarpur,250744,Bada -Malhera,7
23,Madhya Pradesh,398,Chhatarpur,250734,Barigarh,7
23,Madhya Pradesh,398,Chhatarpur,250747,Bijawar,7
23,Madhya Pradesh,398,Chhatarpur,250748,Buxwaha,7
23,Madhya Pradesh,398,Chhatarpur,250736,Chandla,7
23,Madhya Pradesh,398,Chhatarpur,250741,Chhatarpur,5
23,Madhya Pradesh,398,Chhatarpur,250739,Garhi -Malhara,7
23,Madhya Pradesh,398,Chhatarpur,250745,Ghuwara,7
23,Madhya Pradesh,398,Chhatarpur,250737,Harpalpur,7
23,Madhya Pradesh,398,Chhatarpur,250743,Khajuraho,7
23,Madhya Pradesh,398,Chhatarpur,250735,Lavkush Nagar,7
23,Madhya Pradesh,398,Chhatarpur,250740,Maharajpur,5
23,Madhya Pradesh,398,Chhatarpur,250738,Nowgong,5
23,Madhya Pradesh,398,Chhatarpur,250742,Rajnagar,7
23,Madhya Pradesh,398,Chhatarpur,250746,Satai,7
23,Madhya Pradesh,399,Chhindwara,251008,Amarwara,5
23,Madhya Pradesh,399,Chhindwara,251025,Badkuhi,7
23,Madhya Pradesh,399,Chhindwara,253171,Bhuwa Bichhia,7
23,Madhya Pradesh,399,Chhindwara,263072,Bichhua,7
23,Madhya Pradesh,399,Chhindwara,250756,Chand,7
23,Madhya Pradesh,399,Chhindwara,251023,Chandameta -Butaria,7
23,Madhya Pradesh,399,Chhindwara,251009,Chaurai,5
23,Madhya Pradesh,399,Chhindwara,251026,Chhindwara,4
23,Madhya Pradesh,399,Chhindwara,293808,Damua,5
23,Madhya Pradesh,399,Chhindwara,251022,Dongar Parasia,5
23,Madhya Pradesh,399,Chhindwara,251007,Harrai,7
23,Madhya Pradesh,399,Chhindwara,251010,Jamai,5
23,Madhya Pradesh,399,Chhindwara,251018,Newton Chikhli Kalan,7
23,Madhya Pradesh,400,Damoh,250774,Damoh,5
23,Madhya Pradesh,400,Damoh,250771,Hatta,5
23,Madhya Pradesh,400,Damoh,250773,Hindoria,7
23,Madhya Pradesh,400,Damoh,293826,Patera,7
23,Madhya Pradesh,400,Damoh,250772,Patharia,7
23,Madhya Pradesh,400,Damoh,290462,Tendukheda- Damoh,7
23,Madhya Pradesh,401,Datia,277237,Badonee,7
23,Madhya Pradesh,401,Datia,250704,Bhander,7
23,Madhya Pradesh,401,Datia,250703,Datia,5
23,Madhya Pradesh,401,Datia,250702,Indergarh,7
23,Madhya Pradesh,401,Datia,250701,Seondha,7
23,Madhya Pradesh,402,Dewas,290389,Bagali,7
23,Madhya Pradesh,402,Dewas,250865,Bhaurasa,7
23,Madhya Pradesh,402,Dewas,250867,Dewas,4
23,Madhya Pradesh,402,Dewas,250872,Hatpipalya,7
23,Madhya Pradesh,402,Dewas,250868,Kannod,7
23,Madhya Pradesh,402,Dewas,250870,Kantaphod,7
23,Madhya Pradesh,402,Dewas,250873,Karnawad,7
23,Madhya Pradesh,402,Dewas,250875,Khategaon,7
23,Madhya Pradesh,402,Dewas,250869,Loharda,7
23,Madhya Pradesh,402,Dewas,274350,Nemawar,7
23,Madhya Pradesh,402,Dewas,290272,Pipalrawan,7
23,Madhya Pradesh,402,Dewas,250871,Satwas,7
23,Madhya Pradesh,402,Dewas,250866,Sonkatch,7
23,Madhya Pradesh,402,Dewas,290271,Tonk Khurd,7
23,Madhya Pradesh,403,Dhar,250884,Badnawar,7
23,Madhya Pradesh,403,Dhar,290394,Dahi,7
23,Madhya Pradesh,403,Dhar,290379,Dhamnod- Dhar,7
23,Madhya Pradesh,403,Dhar,250887,Dhar,5
23,Madhya Pradesh,403,Dhar,250894,Dharampuri,7
23,Madhya Pradesh,403,Dhar,250891,Kukshi,7
23,Madhya Pradesh,403,Dhar,250892,Manawar,5
23,Madhya Pradesh,403,Dhar,250889,Mandav,7
23,Madhya Pradesh,403,Dhar,250888,Pithampur,5
23,Madhya Pradesh,403,Dhar,250931,Rajgarh,7
23,Madhya Pradesh,403,Dhar,250886,Sardarpur,7
23,Madhya Pradesh,404,Dindori,290390,Dindori,7
23,Madhya Pradesh,404,Dindori,250986,Shahpura Dindori,7
23,Madhya Pradesh,406,Guna,250719,Aron,7
23,Madhya Pradesh,406,Guna,250720,Chachaura -Binaganj,7
23,Madhya Pradesh,406,Guna,250714,Guna,5
23,Madhya Pradesh,406,Guna,250718,Kumbhraj,7
23,Madhya Pradesh,406,Guna,299255,Madhusudangarh,7
23,Madhya Pradesh,406,Guna,250716,Raghogarh-Vijaypur,5
23,Madhya Pradesh,407,Gwalior,250699,Antari,7
23,Madhya Pradesh,407,Gwalior,250700,Bhitarwar,7
23,Madhya Pradesh,407,Gwalior,250695,Bilaua,7
23,Madhya Pradesh,407,Gwalior,250698,Dabra,5
23,Madhya Pradesh,407,Gwalior,250694,Gwalior,4
23,Madhya Pradesh,407,Gwalior,299289,Mohna,7
23,Madhya Pradesh,407,Gwalior,250697,Pichhore Gwalior,7
23,Madhya Pradesh,408,Harda,250967,Harda,5
23,Madhya Pradesh,408,Harda,250966,Khirkiya,7
23,Madhya Pradesh,408,Harda,298918,Sirali,7
23,Madhya Pradesh,408,Harda,250968,Timarni,7
23,Madhya Pradesh,410,Indore,250897,Betma,7
23,Madhya Pradesh,410,Indore,250896,Depalpur,7
23,Madhya Pradesh,410,Indore,250900,Hatod,7
23,Madhya Pradesh,410,Indore,250901,Indore,4
23,Madhya Pradesh,410,Indore,250906,Manpur,7
23,Madhya Pradesh,410,Indore,250905,Mhowgaon,7
23,Madhya Pradesh,410,Indore,250904,Rau,7
23,Madhya Pradesh,410,Indore,250895,Runji -Gautampura,7
23,Madhya Pradesh,410,Indore,250898,Sawer,7
23,Madhya Pradesh,411,Jabalpur,250997,Barela,7
23,Madhya Pradesh,411,Jabalpur,250996,Bhedaghat,7
23,Madhya Pradesh,411,Jabalpur,250995,Jabalpur,4
23,Madhya Pradesh,411,Jabalpur,251035,Katangi Jabalpur,7
23,Madhya Pradesh,411,Jabalpur,250982,Manjholi Jabalpur,7
23,Madhya Pradesh,411,Jabalpur,250987,Panagar,5
23,Madhya Pradesh,411,Jabalpur,250985,Patan,7
23,Madhya Pradesh,411,Jabalpur,251003,Shahpura,7
23,Madhya Pradesh,411,Jabalpur,250983,Sihora,5
23,Madhya Pradesh,412,Jhabua,250879,Jhabua,5
23,Madhya Pradesh,412,Jhabua,273379,Meghnagar New,7
23,Madhya Pradesh,412,Jhabua,250877,Petlawad,7
23,Madhya Pradesh,412,Jhabua,250883,Ranapur,7
23,Madhya Pradesh,412,Jhabua,250876,Thandla,7
23,Madhya Pradesh,413,Katni,250978,Barhi,7
23,Madhya Pradesh,413,Katni,250980,Kymore,7
23,Madhya Pradesh,413,Katni,250979,Murwara - Katni,4
23,Madhya Pradesh,413,Katni,250981,Vijayraghavgarh,7
23,Madhya Pradesh,405,Khandwa (East Nimar),250920,Harsud,7
23,Madhya Pradesh,405,Khandwa (East Nimar),250923,Khandwa,4
23,Madhya Pradesh,405,Khandwa (East Nimar),250922,Mundi,7
23,Madhya Pradesh,405,Khandwa (East Nimar),250921,Omkareshwar,7
23,Madhya Pradesh,405,Khandwa (East Nimar),250924,Pandhana,7
23,Madhya Pradesh,405,Khandwa (East Nimar),300388,Punasa,7
23,Madhya Pradesh,414,Khargone (West Nimar),250907,Barwaha,5
23,Madhya Pradesh,414,Khargone (West Nimar),250912,Bhikangaon,7
23,Madhya Pradesh,414,Khargone (West Nimar),298931,Bistan,7
23,Madhya Pradesh,414,Khargone (West Nimar),293822,Karahi,7
23,Madhya Pradesh,414,Khargone (West Nimar),250911,Kasrawad,7
23,Madhya Pradesh,414,Khargone (West Nimar),250913,Khargone,5
23,Madhya Pradesh,414,Khargone (West Nimar),250909,Maheshwar,7
23,Madhya Pradesh,414,Khargone (West Nimar),250910,Mandleshwar,7
23,Madhya Pradesh,414,Khargone (West Nimar),250908,Sanawad,5
23,Madhya Pradesh,766,MAUGANJ,250794,Hanumana,7
23,Madhya Pradesh,766,MAUGANJ,250796,Mauganj,7
23,Madhya Pradesh,766,MAUGANJ,250795,Nai-Garhi,7
23,Madhya Pradesh,784,Maihar,250786,Amarpatan,7
23,Madhya Pradesh,784,Maihar,250787,Maihar,5
23,Madhya Pradesh,784,Maihar,293819,New Ramnagar,7
23,Madhya Pradesh,415,Mandla,289260,Bamhni Banjar,7
23,Madhya Pradesh,415,Mandla,289259,Mandla,5
23,Madhya Pradesh,415,Mandla,248075,"Nagar Palika, Nainpur",5
23,Madhya Pradesh,415,Mandla,253170,Niwas,7
23,Madhya Pradesh,416,Mandsaur,250827,Bhanpura,7
23,Madhya Pradesh,416,Mandsaur,298922,Bhensoda,7
23,Madhya Pradesh,416,Mandsaur,250831,Garoth,7
23,Madhya Pradesh,416,Mandsaur,250828,Malhargarh,7
23,Madhya Pradesh,416,Mandsaur,250833,Mandsaur,5
23,Madhya Pradesh,416,Mandsaur,250834,Nagri,7
23,Madhya Pradesh,416,Mandsaur,250829,Narayangarh,7
23,Madhya Pradesh,416,Mandsaur,250830,Piplya Mandi,7
23,Madhya Pradesh,416,Mandsaur,250832,Shamgarh,7
23,Madhya Pradesh,416,Mandsaur,250835,Sitamau,7
23,Madhya Pradesh,416,Mandsaur,290381,Suwasra,7
23,Madhya Pradesh,417,Morena,250675,Ambah,5
23,Madhya Pradesh,417,Morena,250678,Banmor,7
23,Madhya Pradesh,417,Morena,250681,Jhundpura,7
23,Madhya Pradesh,417,Morena,250679,Joura,7
23,Madhya Pradesh,417,Morena,250680,Kailaras,7
23,Madhya Pradesh,417,Morena,250677,Morena,4
23,Madhya Pradesh,417,Morena,250676,Porsa,5
23,Madhya Pradesh,417,Morena,250682,Sabalgarh,5
23,Madhya Pradesh,409,Narmadapuram,250975,Babai,7
23,Madhya Pradesh,409,Narmadapuram,263020,Bankhedi,7
23,Madhya Pradesh,409,Narmadapuram,250970,Itarsi,5
23,Madhya Pradesh,409,Narmadapuram,250974,Narmadapuram,5
23,Madhya Pradesh,409,Narmadapuram,250977,Pipariya,5
23,Madhya Pradesh,409,Narmadapuram,250969,Seoni-Malwa,5
23,Madhya Pradesh,409,Narmadapuram,250976,Sohagpur,7
23,Madhya Pradesh,418,Narsimhapur,251000,Chichli,7
23,Madhya Pradesh,418,Narsimhapur,250999,Gadarwara,5
23,Madhya Pradesh,418,Narsimhapur,250998,Gotegaon,5
23,Madhya Pradesh,418,Narsimhapur,251002,Kareli,5
23,Madhya Pradesh,418,Narsimhapur,251001,Narsimhapur,5
23,Madhya Pradesh,418,Narsimhapur,263217,Sainkheda,7
23,Madhya Pradesh,418,Narsimhapur,293820,Salichauka,7
23,Madhya Pradesh,418,Narsimhapur,290429,Tendukheda- Narsimhapur,7
23,Madhya Pradesh,419,Neemuch,293817,Athana,7
23,Madhya Pradesh,419,Neemuch,250821,Diken,7
23,Madhya Pradesh,419,Neemuch,250822,Jawad,7
23,Madhya Pradesh,419,Neemuch,250824,Jiran,7
23,Madhya Pradesh,419,Neemuch,253134,Kukdeshwar,7
23,Madhya Pradesh,419,Neemuch,250826,Manasa,7
23,Madhya Pradesh,419,Neemuch,263154,Nayagoan,7
23,Madhya Pradesh,419,Neemuch,250823,Neemuch,5
23,Madhya Pradesh,419,Neemuch,250825,Rampura,7
23,Madhya Pradesh,419,Neemuch,250820,Ratangarh,7
23,Madhya Pradesh,419,Neemuch,263155,Sarwaniya Maharaj,7
23,Madhya Pradesh,419,Neemuch,250819,Singoli,7
23,Madhya Pradesh,722,Niwari,290323,Jeron Khalsa,7
23,Madhya Pradesh,722,Niwari,290382,Niwari,7
23,Madhya Pradesh,722,Niwari,293827,Orchha,7
23,Madhya Pradesh,722,Niwari,293821,Prithvipur,7
23,Madhya Pradesh,722,Niwari,293818,Taricharkala,7
23,Madhya Pradesh,785,Pandhurna,251029,Lodhikheda,7
23,Madhya Pradesh,785,Pandhurna,251028,Mohgaon,7
23,Madhya Pradesh,785,Pandhurna,251030,Pandhurna,5
23,Madhya Pradesh,785,Pandhurna,290395,Pipla Narayanwar,7
23,Madhya Pradesh,785,Pandhurna,251027,Sausar,5
23,Madhya Pradesh,420,Panna,250749,Ajaygarh,7
23,Madhya Pradesh,420,Panna,250753,Amanganj,7
23,Madhya Pradesh,420,Panna,250751,Devendranagar,7
23,Madhya Pradesh,420,Panna,297930,Gunnor,7
23,Madhya Pradesh,420,Panna,250752,Kakarhati,7
23,Madhya Pradesh,420,Panna,250750,Panna,5
23,Madhya Pradesh,420,Panna,250754,Pawai,7
23,Madhya Pradesh,421,Raisen,250961,Badi,7
23,Madhya Pradesh,421,Raisen,250962,Bareli,7
23,Madhya Pradesh,421,Raisen,250957,Begamganj,5
23,Madhya Pradesh,421,Raisen,250815,Devri,7
23,Madhya Pradesh,421,Raisen,250956,Gairatganj,7
23,Madhya Pradesh,421,Raisen,250959,Mandideep,5
23,Madhya Pradesh,421,Raisen,250960,Obedullaganj,7
23,Madhya Pradesh,421,Raisen,250955,Raisen,5
23,Madhya Pradesh,421,Raisen,250954,Sanchi,7
23,Madhya Pradesh,421,Raisen,253125,Silwani,7
23,Madhya Pradesh,421,Raisen,250958,Sultanpur,7
23,Madhya Pradesh,421,Raisen,250963,Udaipura,7
23,Madhya Pradesh,422,Rajgarh,250934,Biaora,5
23,Madhya Pradesh,422,Rajgarh,250938,Boda,7
23,Madhya Pradesh,422,Rajgarh,262992,Chhapiheda,7
23,Madhya Pradesh,422,Rajgarh,250929,Jirapur,7
23,Madhya Pradesh,422,Rajgarh,250930,Khilchipur,7
23,Madhya Pradesh,422,Rajgarh,250932,Khujner,7
23,Madhya Pradesh,422,Rajgarh,262908,Kurawar,7
23,Madhya Pradesh,422,Rajgarh,250928,Machalpur,7
23,Madhya Pradesh,422,Rajgarh,250937,Narsinghgarh,5
23,Madhya Pradesh,422,Rajgarh,250935,Pachore,7
23,Madhya Pradesh,422,Rajgarh,250885,Rajgarh,5
23,Madhya Pradesh,422,Rajgarh,250936,Sarangpur,5
23,Madhya Pradesh,422,Rajgarh,250933,Suthaliya,7
23,Madhya Pradesh,422,Rajgarh,250939,Talen,7
23,Madhya Pradesh,423,Ratlam,250839,Alot,7
23,Madhya Pradesh,423,Ratlam,250838,Badawada,7
23,Madhya Pradesh,423,Ratlam,250893,Dhamnod Ratlam,7
23,Madhya Pradesh,423,Ratlam,250837,Jaora,5
23,Madhya Pradesh,423,Ratlam,250842,Namli,7
23,Madhya Pradesh,423,Ratlam,250836,Piploda,7
23,Madhya Pradesh,423,Ratlam,250843,Ratlam,4
23,Madhya Pradesh,423,Ratlam,250841,Sailana,7
23,Madhya Pradesh,423,Ratlam,250840,Tal,7
23,Madhya Pradesh,424,Rewa,250792,Baikunthpur,7
23,Madhya Pradesh,424,Rewa,250788,Chakghat,7
23,Madhya Pradesh,424,Rewa,298925,Dabhaura,7
23,Madhya Pradesh,424,Rewa,250798,Govindgarh,7
23,Madhya Pradesh,424,Rewa,250799,Gurh,7
23,Madhya Pradesh,424,Rewa,250793,Mangawan,7
23,Madhya Pradesh,424,Rewa,250797,Rewa,4
23,Madhya Pradesh,424,Rewa,250791,Semaria,7
23,Madhya Pradesh,424,Rewa,250790,Sirmaur,7
23,Madhya Pradesh,424,Rewa,250789,Teonthar,7
23,Madhya Pradesh,425,Sagar,250760,Banda,7
23,Madhya Pradesh,425,Sagar,297114,Bandri,7
23,Madhya Pradesh,425,Sagar,300085,Barodiyakalan,7
23,Madhya Pradesh,425,Sagar,298917,Bilhara,7
23,Madhya Pradesh,425,Sagar,250755,Bina,5
23,Madhya Pradesh,425,Sagar,250770,Deori,5
23,Madhya Pradesh,425,Sagar,250768,Garhakota,5
23,Madhya Pradesh,425,Sagar,300387,Karrapur,7
23,Madhya Pradesh,425,Sagar,250758,Khurai,5
23,Madhya Pradesh,425,Sagar,250766,Makronia Buzurg,5
23,Madhya Pradesh,425,Sagar,297116,Malthone,7
23,Madhya Pradesh,425,Sagar,250761,Rahatgarh,7
23,Madhya Pradesh,425,Sagar,250769,Rehli,5
23,Madhya Pradesh,425,Sagar,250764,Sagar,4
23,Madhya Pradesh,425,Sagar,250759,Shahgarh,7
23,Madhya Pradesh,425,Sagar,250965,Shahpur Sagar,7
23,Madhya Pradesh,425,Sagar,298934,Surkhi,7
23,Madhya Pradesh,426,Satna,250778,Birsinghpur,7
23,Madhya Pradesh,426,Satna,250777,Chitrakoot,7
23,Madhya Pradesh,426,Satna,250780,Jaitwara,7
23,Madhya Pradesh,426,Satna,250784,Kotar,7
23,Madhya Pradesh,426,Satna,250779,Kothi,7
23,Madhya Pradesh,426,Satna,250782,Nagod,7
23,Madhya Pradesh,426,Satna,250785,Rampur Baghelan,7
23,Madhya Pradesh,426,Satna,250781,Satna,4
23,Madhya Pradesh,426,Satna,250783,Unchahara,7
23,Madhya Pradesh,427,Sehore,250949,Ashta,5
23,Madhya Pradesh,427,Sehore,250952,Budni,7
23,Madhya Pradesh,427,Sehore,250950,Ichhawar,7
23,Madhya Pradesh,427,Sehore,250948,Jawar,7
23,Madhya Pradesh,427,Sehore,290383,Kothri,7
23,Madhya Pradesh,427,Sehore,250951,Nasrullaganj,7
23,Madhya Pradesh,427,Sehore,250953,Rehti,7
23,Madhya Pradesh,427,Sehore,250947,Sehore,5
23,Madhya Pradesh,427,Sehore,262903,Shahganj,7
23,Madhya Pradesh,428,Seoni,251034,Barghat,7
23,Madhya Pradesh,428,Seoni,298932,Chhapara,7
23,Madhya Pradesh,428,Seoni,298933,Keolari,7
23,Madhya Pradesh,428,Seoni,251031,Lakhnadon,7
23,Madhya Pradesh,428,Seoni,251033,Seoni,5
23,Madhya Pradesh,429,Shahdol,298926,Bakho,7
23,Madhya Pradesh,429,Shahdol,250805,Beohari,7
23,Madhya Pradesh,429,Shahdol,250808,Burhar,7
23,Madhya Pradesh,429,Shahdol,250809,Dhanpuri,5
23,Madhya Pradesh,429,Shahdol,250806,Jaisinghnagar,7
23,Madhya Pradesh,429,Shahdol,250804,Khand - Bansagar,7
23,Madhya Pradesh,429,Shahdol,250807,Shahdol,5
23,Madhya Pradesh,430,Shajapur,250863,Akodia,7
23,Madhya Pradesh,430,Shajapur,250861,Maksi,7
23,Madhya Pradesh,430,Shajapur,263010,Pankhedi Kalapipal,7
23,Madhya Pradesh,430,Shajapur,250864,Polaykalan,7
23,Madhya Pradesh,430,Shajapur,250860,Shajapur,5
23,Madhya Pradesh,430,Shajapur,250862,Shujalpur,5
23,Madhya Pradesh,431,Sheopur,250674,Badoda,7
23,Madhya Pradesh,431,Sheopur,250673,Sheopur,5
23,Madhya Pradesh,431,Sheopur,250672,Vijaypur,7
23,Madhya Pradesh,432,Shivpuri,250709,Badarwas,7
23,Madhya Pradesh,432,Shivpuri,263211,Bairad,7
23,Madhya Pradesh,432,Shivpuri,250707,Karera,7
23,Madhya Pradesh,432,Shivpuri,250711,Khaniyadhana,7
23,Madhya Pradesh,432,Shivpuri,250708,Kolaras,7
23,Madhya Pradesh,432,Shivpuri,299299,Magroni,7
23,Madhya Pradesh,432,Shivpuri,250706,Narwar,7
23,Madhya Pradesh,432,Shivpuri,250710,Pichhore Shivpuri,7
23,Madhya Pradesh,432,Shivpuri,289710,Pohari,7
23,Madhya Pradesh,432,Shivpuri,298921,Rannod,7
23,Madhya Pradesh,432,Shivpuri,250705,Shivpuri,5
23,Madhya Pradesh,433,Sidhi,248068,Churhat,7
23,Madhya Pradesh,433,Sidhi,250818,Majhauli,7
23,Madhya Pradesh,433,Sidhi,248067,Rampur Naikin,7
23,Madhya Pradesh,433,Sidhi,248065,Sidhi,5
23,Madhya Pradesh,638,Singrauli,300395,Bargawan,7
23,Madhya Pradesh,638,Singrauli,300386,Sarai,7
23,Madhya Pradesh,638,Singrauli,248066,Singrauli,4
23,Madhya Pradesh,434,Tikamgarh,290258,Badagaon,7
23,Madhya Pradesh,434,Tikamgarh,290276,Baldevgarh,7
23,Madhya Pradesh,434,Tikamgarh,290257,Jatara,7
23,Madhya Pradesh,434,Tikamgarh,290256,Kari,7
23,Madhya Pradesh,434,Tikamgarh,290306,Khargapur,7
23,Madhya Pradesh,434,Tikamgarh,290253,Lidhorakhas,7
23,Madhya Pradesh,434,Tikamgarh,290343,Palera,7
23,Madhya Pradesh,434,Tikamgarh,290285,Tikamgarh,5
23,Madhya Pradesh,435,Ujjain,250852,Badnagar,5
23,Madhya Pradesh,435,Ujjain,250845,Khacharod,5
23,Madhya Pradesh,435,Ujjain,250849,Mahidpur,5
23,Madhya Pradesh,435,Ujjain,263205,Makdon,7
23,Madhya Pradesh,435,Ujjain,250846,Nagda,5
23,Madhya Pradesh,435,Ujjain,250850,Tarana,7
23,Madhya Pradesh,435,Ujjain,250851,Ujjain,4
23,Madhya Pradesh,435,Ujjain,250847,Unhel,7
23,Madhya Pradesh,436,Umaria,250800,Chandia,7
23,Madhya Pradesh,436,Umaria,297136,Manpur (Umaria),7
23,Madhya Pradesh,436,Umaria,250803,Nowrozabad - Khodargama,7
23,Madhya Pradesh,436,Umaria,250802,Pali,5
23,Madhya Pradesh,436,Umaria,250801,Umaria,5
23,Madhya Pradesh,437,Vidisha,293809,Ganjbasoda,5
23,Madhya Pradesh,437,Vidisha,250942,Kurwai,7
23,Madhya Pradesh,437,Vidisha,250940,Lateri,7
23,Madhya Pradesh,437,Vidisha,262993,Samsabad,7
23,Madhya Pradesh,437,Vidisha,250941,Sironj,5
23,Madhya Pradesh,437,Vidisha,250944,Vidisha,5
27,Maharashtra,466,Ahilyanagar,251548,Ahmadnagar,4
27,Maharashtra,466,Ahilyanagar,275728,Akole,7
27,Maharashtra,466,Ahilyanagar,251552,Deolali Pravara,5
27,Maharashtra,466,Ahilyanagar,251554,Jamkhed,5
27,Maharashtra,466,Ahilyanagar,275729,Karjat,7
27,Maharashtra,466,Ahilyanagar,251540,Kopargaon,5
27,Maharashtra,466,Ahilyanagar,276320,Nevasa,7
27,Maharashtra,466,Ahilyanagar,275730,Parner,7
27,Maharashtra,466,Ahilyanagar,251546,Pathardi,5
27,Maharashtra,466,Ahilyanagar,251543,Rahta Pimplas,5
27,Maharashtra,466,Ahilyanagar,251551,Rahuri,5
27,Maharashtra,466,Ahilyanagar,251539,Sangamner,5
27,Maharashtra,466,Ahilyanagar,276331,Shevgaon,5
27,Maharashtra,466,Ahilyanagar,251542,Shirdi,7
27,Maharashtra,466,Ahilyanagar,251553,Shrigonda,5
27,Maharashtra,466,Ahilyanagar,251544,Shrirampur,5
27,Maharashtra,467,Akola,251312,Akola,4
27,Maharashtra,467,Akola,251310,Akot,5
27,Maharashtra,467,Akola,251311,Balapur,5
27,Maharashtra,467,Akola,276332,Barshitakli,7
27,Maharashtra,467,Akola,303119,Hiwarkhed,5
27,Maharashtra,467,Akola,251315,Murtijapur,5
27,Maharashtra,467,Akola,251316,Patur,5
27,Maharashtra,467,Akola,251309,Telhara,5
27,Maharashtra,468,Amravati,251323,Achalpur,5
27,Maharashtra,468,Amravati,251328,Amravati,4
27,Maharashtra,468,Amravati,251322,Anjangaon,5
27,Maharashtra,468,Amravati,276290,Bhatkuli,7
27,Maharashtra,468,Amravati,251330,Chandur,5
27,Maharashtra,468,Amravati,251324,Chandurbazar,5
27,Maharashtra,468,Amravati,276634,Chikhaldara,5
27,Maharashtra,468,Amravati,251329,Daryapur Banosa,5
27,Maharashtra,468,Amravati,251331,Dattapur Dhamangaon,5
27,Maharashtra,468,Amravati,276292,Dharni,7
27,Maharashtra,468,Amravati,251325,Morshi,5
27,Maharashtra,468,Amravati,276291,Nandgaon Khandeshwar,7
27,Maharashtra,468,Amravati,251327,Shendurjana,5
27,Maharashtra,468,Amravati,276289,Tiwsa,7
27,Maharashtra,468,Amravati,251326,Warud,5
27,Maharashtra,470,Beed,251560,Ambajogai,5
27,Maharashtra,470,Beed,275734,Ashti,7
27,Maharashtra,470,Beed,251557,Bid,5
27,Maharashtra,470,Beed,251555,Georai,5
27,Maharashtra,470,Beed,259696,Kaij,7
27,Maharashtra,470,Beed,251558,Kille Dharur,5
27,Maharashtra,470,Beed,251556,Majalgaon,5
27,Maharashtra,470,Beed,251559,Parli,5
27,Maharashtra,470,Beed,275732,Patoda.,7
27,Maharashtra,470,Beed,275726,Shirur Kasar,7
27,Maharashtra,470,Beed,275731,Wadvani,7
27,Maharashtra,471,Bhandara,248078,Bhandara,5
27,Maharashtra,471,Bhandara,276324,Lakhandur,7
27,Maharashtra,471,Bhandara,276323,Lakhani,7
27,Maharashtra,471,Bhandara,276325,Mohadi,7
27,Maharashtra,471,Bhandara,248077,Pauni,5
27,Maharashtra,471,Bhandara,276319,Sakoli,5
27,Maharashtra,471,Bhandara,248079,Tumsar,5
27,Maharashtra,472,Buldhana,251305,Buldana,5
27,Maharashtra,472,Buldhana,251304,Chikhli,5
27,Maharashtra,472,Buldhana,251306,Deulgaon Raja,5
27,Maharashtra,472,Buldhana,251298,Jalgaon - Jamod,5
27,Maharashtra,472,Buldhana,251302,Khamgaon,5
27,Maharashtra,472,Buldhana,251308,Lonar,5
27,Maharashtra,472,Buldhana,251301,Malkapur,5
27,Maharashtra,472,Buldhana,251303,Mehkar,5
27,Maharashtra,472,Buldhana,276275,Motala,7
27,Maharashtra,472,Buldhana,251300,Nandura,5
27,Maharashtra,472,Buldhana,276274,Sangrampur,7
27,Maharashtra,472,Buldhana,251299,Shegaon,5
27,Maharashtra,472,Buldhana,251307,Sindkhed Raja,5
27,Maharashtra,473,Chandrapur,251381,Ballarpur,5
27,Maharashtra,473,Chandrapur,251375,Bhadravati,5
27,Maharashtra,473,Chandrapur,300392,Bhisi,7
27,Maharashtra,473,Chandrapur,251373,Brahmapuri,5
27,Maharashtra,473,Chandrapur,248082,Chandrapur,4
27,Maharashtra,473,Chandrapur,265713,Chimur,5
27,Maharashtra,473,Chandrapur,265791,Gadchandur Nagar Parishad,5
27,Maharashtra,473,Chandrapur,298902,Ghugus,5
27,Maharashtra,473,Chandrapur,276358,Gondpimpri,7
27,Maharashtra,473,Chandrapur,276355,Jiwati,7
27,Maharashtra,473,Chandrapur,276357,Korpana,7
27,Maharashtra,473,Chandrapur,251382,Mul,5
27,Maharashtra,473,Chandrapur,276361,Nagbhid Muncipal Council,5
27,Maharashtra,473,Chandrapur,276359,Pombhurna,7
27,Maharashtra,473,Chandrapur,251384,Rajura,5
27,Maharashtra,473,Chandrapur,276356,Saoli,7
27,Maharashtra,473,Chandrapur,276362,Sindewahi,7
27,Maharashtra,473,Chandrapur,251376,Warora,5
27,Maharashtra,469,Chhatrapati Sambhajinagar,251428,Aurangabad,4
27,Maharashtra,469,Chhatrapati Sambhajinagar,276353,Fulambri,7
27,Maharashtra,469,Chhatrapati Sambhajinagar,251432,Gangapur,5
27,Maharashtra,469,Chhatrapati Sambhajinagar,251426,Kannad,5
27,Maharashtra,469,Chhatrapati Sambhajinagar,251430,Khuldabad,5
27,Maharashtra,469,Chhatrapati Sambhajinagar,251433,Paithan,5
27,Maharashtra,469,Chhatrapati Sambhajinagar,297092,Sillod Municipal Council,5
27,Maharashtra,469,Chhatrapati Sambhajinagar,251436,Soyagaon,7
27,Maharashtra,469,Chhatrapati Sambhajinagar,251431,Vaijapur,5
27,Maharashtra,488,Dharashiv,251567,Bhum,5
27,Maharashtra,488,Dharashiv,251568,Kalamb,5
27,Maharashtra,488,Dharashiv,276313,Lohara (Bk),7
27,Maharashtra,488,Dharashiv,251572,Murum,5
27,Maharashtra,488,Dharashiv,251571,Naldurg,5
27,Maharashtra,488,Dharashiv,251569,Osmanabad,5
27,Maharashtra,488,Dharashiv,251566,Paranda,5
27,Maharashtra,488,Dharashiv,251570,Tuljapur,5
27,Maharashtra,488,Dharashiv,251573,Umarga,5
27,Maharashtra,488,Dharashiv,276312,Washi,7
27,Maharashtra,474,Dhule,251282,Dhule,4
27,Maharashtra,474,Dhule,251281,Dondaicha-Warwade,5
27,Maharashtra,474,Dhule,303133,Pimpalner Nagar Pnchayat,7
27,Maharashtra,474,Dhule,276339,Sakri,7
27,Maharashtra,474,Dhule,251280,Shirpur-Warwade,5
27,Maharashtra,474,Dhule,259701,Sindhakeda,7
27,Maharashtra,475,Gadchiroli,276327,Aheri,7
27,Maharashtra,475,Gadchiroli,276283,Bhamragad,7
27,Maharashtra,475,Gadchiroli,276329,Chamorshi,7
27,Maharashtra,475,Gadchiroli,276284,Dhanora,7
27,Maharashtra,475,Gadchiroli,276330,Etapalli,7
27,Maharashtra,475,Gadchiroli,305207,Korchi,7
27,Maharashtra,475,Gadchiroli,276286,Kurkheda,7
27,Maharashtra,475,Gadchiroli,276287,Mulchera,7
27,Maharashtra,475,Gadchiroli,297866,Municipal Council Armori,5
27,Maharashtra,475,Gadchiroli,248081,Municipal Council Desaiganj ( Wadsa),5
27,Maharashtra,475,Gadchiroli,248080,Municipal Council Gadchiroli,5
27,Maharashtra,475,Gadchiroli,276288,Sironcha,7
27,Maharashtra,476,Gondia,276364,Amgaon,5
27,Maharashtra,476,Gondia,276366,Arjuni,7
27,Maharashtra,476,Gondia,276363,Deori,7
27,Maharashtra,476,Gondia,251371,Gondiya,5
27,Maharashtra,476,Gondia,251510,Goregaon,7
27,Maharashtra,476,Gondia,276368,Sadak-Arjuni,7
27,Maharashtra,476,Gondia,276365,Salekasa,7
27,Maharashtra,476,Gondia,251370,Tirora,5
27,Maharashtra,477,Hingoli,296909,Aundha Nagnath,7
27,Maharashtra,477,Hingoli,251413,Basmath,5
27,Maharashtra,477,Hingoli,251411,Hingoli,5
27,Maharashtra,477,Hingoli,251412,Kalamnuri,5
27,Maharashtra,477,Hingoli,296910,Sengaon,7
27,Maharashtra,478,Jalgaon,251294,Amalner,5
27,Maharashtra,478,Jalgaon,253140,Bhadgaon,5
27,Maharashtra,478,Jalgaon,251290,Bhusawal,5
27,Maharashtra,478,Jalgaon,276272,Bodwad,7
27,Maharashtra,478,Jalgaon,251296,Chalisgaon,5
27,Maharashtra,478,Jalgaon,251283,Chopda,5
27,Maharashtra,478,Jalgaon,251293,Dharangaon,5
27,Maharashtra,478,Jalgaon,251292,Erandol,5
27,Maharashtra,478,Jalgaon,251285,Faizpur,5
27,Maharashtra,478,Jalgaon,276571,Jalgaon,4
27,Maharashtra,478,Jalgaon,253139,Jamner,5
27,Maharashtra,478,Jalgaon,276421,Muktainagar,7
27,Maharashtra,478,Jalgaon,251297,Pachora,5
27,Maharashtra,478,Jalgaon,251295,Parola,5
27,Maharashtra,478,Jalgaon,251287,Raver,5
27,Maharashtra,478,Jalgaon,251286,Savda,5
27,Maharashtra,478,Jalgaon,277413,Shendurni,7
27,Maharashtra,478,Jalgaon,276273,Varangaon,5
27,Maharashtra,478,Jalgaon,251284,Yawal,5
27,Maharashtra,479,Jalna,251424,Ambad,5
27,Maharashtra,479,Jalna,276369,Badnapur,7
27,Maharashtra,479,Jalna,251422,Bhokardan,5
27,Maharashtra,479,Jalna,276370,Ghansawangi,7
27,Maharashtra,479,Jalna,276372,Jafrabad,7
27,Maharashtra,479,Jalna,251423,Jalna,4
27,Maharashtra,479,Jalna,276371,Mantha,7
27,Maharashtra,479,Jalna,251425,Partur,5
27,Maharashtra,480,Kolhapur,251630,Ajara,7
27,Maharashtra,480,Kolhapur,290433,Chandgad.,7
27,Maharashtra,480,Kolhapur,251631,Gadhinglaj,5
27,Maharashtra,480,Kolhapur,290434,Hatkanangale.,7
27,Maharashtra,480,Kolhapur,276296,Hupari,5
27,Maharashtra,480,Kolhapur,251619,Ichalkaranji,4
27,Maharashtra,480,Kolhapur,251621,Jaysingpur,5
27,Maharashtra,480,Kolhapur,251628,Kagal,5
27,Maharashtra,480,Kolhapur,251625,Kolhapur,4
27,Maharashtra,480,Kolhapur,251622,Kurundvad,5
27,Maharashtra,480,Kolhapur,251614,Malkapur-Kolhapur,5
27,Maharashtra,480,Kolhapur,251629,Murgud,5
27,Maharashtra,480,Kolhapur,251615,Panhala,5
27,Maharashtra,480,Kolhapur,276635,Shirol,5
27,Maharashtra,480,Kolhapur,251616,Vadgaon Kasba,5
27,Maharashtra,481,Latur,251562,Ahmadpur,5
27,Maharashtra,481,Latur,251563,Ausa,5
27,Maharashtra,481,Latur,276375,Chakur,7
27,Maharashtra,481,Latur,276377,Deoni (Bk),7
27,Maharashtra,481,Latur,276373,Jalkot,7
27,Maharashtra,481,Latur,251561,Latur,4
27,Maharashtra,481,Latur,251564,Nilanga,5
27,Maharashtra,481,Latur,276376,Renapur,7
27,Maharashtra,481,Latur,276374,Shirur-Anantpal,7
27,Maharashtra,481,Latur,251565,Udgir,5
27,Maharashtra,482,Mumbai,251488,Greater Mumbai,4
27,Maharashtra,483,Mumbai Suburban,251488,Greater Mumbai,4
27,Maharashtra,484,Nagpur,301085,Bahadura Nagar Panchayat,7
27,Maharashtra,484,Nagpur,301078,Besa Pipla Nagar Panchayat,7
27,Maharashtra,484,Nagpur,263363,Bhiwapur,7
27,Maharashtra,484,Nagpur,303126,Bidgaon Tarodi Khurd Pandhurna,7
27,Maharashtra,484,Nagpur,277411,Butibori,7
27,Maharashtra,484,Nagpur,303127,Digdoh Devi Municipal Council,5
27,Maharashtra,484,Nagpur,303128,Godhani Railway,7
27,Maharashtra,484,Nagpur,263362,Hingna,7
27,Maharashtra,484,Nagpur,251342,Kalameshwar,5
27,Maharashtra,484,Nagpur,251356,Kamptee,5
27,Maharashtra,484,Nagpur,301086,Kandri Kanhan Nagar Panchayat,7
27,Maharashtra,484,Nagpur,251350,Kanhan - Pipri,5
27,Maharashtra,484,Nagpur,251341,Katol,5
27,Maharashtra,484,Nagpur,251345,Khapa,5
27,Maharashtra,484,Nagpur,303129,Kondhali,7
27,Maharashtra,484,Nagpur,263364,Kuhi Nagar Parishad,7
27,Maharashtra,484,Nagpur,251358,Mahadula,7
27,Maharashtra,484,Nagpur,251343,Mohpa,5
27,Maharashtra,484,Nagpur,259672,Mouda,7
27,Maharashtra,484,Nagpur,251339,Mowad,5
27,Maharashtra,484,Nagpur,303130,NIldoh,7
27,Maharashtra,484,Nagpur,251362,Nagpur,4
27,Maharashtra,484,Nagpur,251340,Narkhed,5
27,Maharashtra,484,Nagpur,276305,Parshivni,7
27,Maharashtra,484,Nagpur,251353,Ramtek,5
27,Maharashtra,484,Nagpur,251344,Savner,5
27,Maharashtra,484,Nagpur,251366,Umred,5
27,Maharashtra,484,Nagpur,251359,Wadi,5
27,Maharashtra,484,Nagpur,251363,Wanadongri,5
27,Maharashtra,484,Nagpur,303131,Yerkheda,7
27,Maharashtra,485,Nanded,258020,Ardhapur,7
27,Maharashtra,485,Nanded,259697,Bhokar,5
27,Maharashtra,485,Nanded,251406,Biloli,5
27,Maharashtra,485,Nanded,251410,Deglur,5
27,Maharashtra,485,Nanded,251404,Dharmabad,5
27,Maharashtra,485,Nanded,251399,Hadgaon,5
27,Maharashtra,485,Nanded,276606,Himayatnagar Nagarpanchayat,7
27,Maharashtra,485,Nanded,251408,Kandhar,5
27,Maharashtra,485,Nanded,251398,Kinwat,5
27,Maharashtra,485,Nanded,251405,Kundalwadi,5
27,Maharashtra,485,Nanded,251407,Loha,5
27,Maharashtra,485,Nanded,258024,Mahur,7
27,Maharashtra,485,Nanded,251402,Mudkhed,5
27,Maharashtra,485,Nanded,251409,Mukhed,5
27,Maharashtra,485,Nanded,276623,Naigaon (Khairgaon),7
27,Maharashtra,485,Nanded,251401,Nanded-Waghala,4
27,Maharashtra,485,Nanded,251403,Peth Umri,5
27,Maharashtra,486,Nandurbar,276345,Dhadgaon,7
27,Maharashtra,486,Nandurbar,251278,Nandurbar,5
27,Maharashtra,486,Nandurbar,251279,Nawapur,5
27,Maharashtra,486,Nandurbar,251277,Shahade,5
27,Maharashtra,486,Nandurbar,251275,Talode,5
27,Maharashtra,487,Nashik,251444,Bhagur,5
27,Maharashtra,487,Nashik,276281,Chandwad,5
27,Maharashtra,487,Nashik,276277,Deola,7
27,Maharashtra,487,Nashik,276276,Dindori,7
27,Maharashtra,487,Nashik,251445,Igatpuri,5
27,Maharashtra,487,Nashik,276278,Kalwan,7
27,Maharashtra,487,Nashik,251438,Malegaon,4
27,Maharashtra,487,Nashik,251440,Manmad,5
27,Maharashtra,487,Nashik,251439,Nandgaon,5
27,Maharashtra,487,Nashik,251442,Nashik,4
27,Maharashtra,487,Nashik,276279,Niphad,7
27,Maharashtra,487,Nashik,276280,Peth,7
27,Maharashtra,487,Nashik,303075,Pimpalgaon Baswant,5
27,Maharashtra,487,Nashik,251435,Satana,5
27,Maharashtra,487,Nashik,251447,Sinnar,5
27,Maharashtra,487,Nashik,251434,Surgana,7
27,Maharashtra,487,Nashik,251441,Trimbak,5
27,Maharashtra,487,Nashik,251450,Yevla,5
27,Maharashtra,665,Palghar,251451,Dahanu,5
27,Maharashtra,665,Palghar,251453,Jawhar,5
27,Maharashtra,665,Palghar,276317,Mokhada,7
27,Maharashtra,665,Palghar,251460,Palghar,5
27,Maharashtra,665,Palghar,276315,Talasari,7
27,Maharashtra,665,Palghar,251463,Vasai-Virar,4
27,Maharashtra,665,Palghar,276316,Vikramgad,7
27,Maharashtra,665,Palghar,276318,Wada,7
27,Maharashtra,489,Parbhani,251420,Gangakhed,5
27,Maharashtra,489,Parbhani,251415,Jintur,5
27,Maharashtra,489,Parbhani,251417,Manwath,5
27,Maharashtra,489,Parbhani,276297,Palam,7
27,Maharashtra,489,Parbhani,251416,Parbhani,4
27,Maharashtra,489,Parbhani,251418,Pathri,5
27,Maharashtra,489,Parbhani,251421,Purna,5
27,Maharashtra,489,Parbhani,251414,Sailu,5
27,Maharashtra,489,Parbhani,251419,Sonpeth,5
27,Maharashtra,490,Pune,251521,Alandi,5
27,Maharashtra,490,Pune,251536,Baramati,5
27,Maharashtra,490,Pune,251535,Bhor,5
27,Maharashtra,490,Pune,251520,Chakan,5
27,Maharashtra,490,Pune,251531,Daund,5
27,Maharashtra,490,Pune,298888,Dehu,7
27,Maharashtra,490,Pune,303134,Fursungi Uruli Devachi,5
27,Maharashtra,490,Pune,251537,Indapur,5
27,Maharashtra,490,Pune,251533,Jejuri,5
27,Maharashtra,490,Pune,251516,Junnar,5
27,Maharashtra,490,Pune,251526,Lonavala,5
27,Maharashtra,490,Pune,300394,Malegaon Budruk,7
27,Maharashtra,490,Pune,300391,Manchar,7
27,Maharashtra,490,Pune,251528,Pimpri Chinchwad,4
27,Maharashtra,490,Pune,251530,Pune,4
27,Maharashtra,490,Pune,296912,Rajgurunagar,5
27,Maharashtra,490,Pune,251532,Sasvad,5
27,Maharashtra,490,Pune,251518,Shirur,5
27,Maharashtra,490,Pune,251522,Talegaon Dabhade,5
27,Maharashtra,490,Pune,276637,Vadgaon Mawal,7
27,Maharashtra,490,Pune,277475,Wadgaon,5
27,Maharashtra,491,Raigad,251503,Alibag,5
27,Maharashtra,491,Raigad,251498,Karjat,5
27,Maharashtra,491,Raigad,276267,Khalapur,7
27,Maharashtra,491,Raigad,251501,Khopoli,5
27,Maharashtra,491,Raigad,251513,Mahad,5
27,Maharashtra,491,Raigad,276268,Mangaon,7
27,Maharashtra,491,Raigad,251497,Matheran,5
27,Maharashtra,491,Raigad,251512,Mhasla,7
27,Maharashtra,491,Raigad,251504,Murud,5
27,Maharashtra,491,Raigad,300027,Pali,7
27,Maharashtra,491,Raigad,251492,Panvel,4
27,Maharashtra,491,Raigad,251502,Pen,5
27,Maharashtra,491,Raigad,276636,Poladpur,7
27,Maharashtra,491,Raigad,251506,Roha Ashtami,5
27,Maharashtra,491,Raigad,251511,Shrivardhan,5
27,Maharashtra,491,Raigad,276270,Tala,7
27,Maharashtra,491,Raigad,251491,Uran,5
27,Maharashtra,492,Ratnagiri,251602,Chiplun,5
27,Maharashtra,492,Ratnagiri,251599,Dapoli Camp,7
27,Maharashtra,492,Ratnagiri,259684,Devrukh,7
27,Maharashtra,492,Ratnagiri,251604,Guhagar,7
27,Maharashtra,492,Ratnagiri,251601,Khed,5
27,Maharashtra,492,Ratnagiri,251607,Lanja,7
27,Maharashtra,492,Ratnagiri,276295,Mandangad,7
27,Maharashtra,492,Ratnagiri,251608,Rajapur,5
27,Maharashtra,492,Ratnagiri,251605,Ratnagiri,5
27,Maharashtra,493,Sangli,251634,Ashta,5
27,Maharashtra,493,Sangli,300410,Atpadi,7
27,Maharashtra,493,Sangli,259699,Jath,5
27,Maharashtra,493,Sangli,290358,Kadegaon.,7
27,Maharashtra,493,Sangli,276346,Kavthemahankal,7
27,Maharashtra,493,Sangli,276348,Khanapur,7
27,Maharashtra,493,Sangli,276350,Palus,5
27,Maharashtra,493,Sangli,251639,Sangli-Miraj Kupwad,4
27,Maharashtra,493,Sangli,276349,Shirala,7
27,Maharashtra,493,Sangli,251636,Tasgaon,5
27,Maharashtra,493,Sangli,251633,Uran Islampur,5
27,Maharashtra,493,Sangli,251635,Vita,5
27,Maharashtra,494,Satara,276417,Dahiwadi,7
27,Maharashtra,494,Satara,251598,Karad,5
27,Maharashtra,494,Satara,276383,Khandala,7
27,Maharashtra,494,Satara,276381,Koregaon,7
27,Maharashtra,494,Satara,276414,Lonand,7
27,Maharashtra,494,Satara,251584,Mahabaleshwar,5
27,Maharashtra,494,Satara,251314,Malkapur,7
27,Maharashtra,494,Satara,276415,Medha,7
27,Maharashtra,494,Satara,251589,Mhaswad,5
27,Maharashtra,494,Satara,251585,Panchgani,5
27,Maharashtra,494,Satara,251596,Patan,7
27,Maharashtra,494,Satara,251588,Phaltan,5
27,Maharashtra,494,Satara,251590,Rahimatpur,5
27,Maharashtra,494,Satara,251593,Satara,5
27,Maharashtra,494,Satara,276416,Vaduj,7
27,Maharashtra,494,Satara,251586,Wai,5
27,Maharashtra,495,Sindhudurg,276321,Devgad-Jamsande,7
27,Maharashtra,495,Sindhudurg,251609,Kankavli,7
27,Maharashtra,495,Sindhudurg,263884,Kasai Dodamarg,7
27,Maharashtra,495,Sindhudurg,251612,Kudal,7
27,Maharashtra,495,Sindhudurg,251610,Malwan,5
27,Maharashtra,495,Sindhudurg,251613,Sawantwadi,5
27,Maharashtra,495,Sindhudurg,263834,Vabhave Vaibhavwadi Nagar Panchayat,7
27,Maharashtra,495,Sindhudurg,251611,Vengurla,5
27,Maharashtra,496,Solapur,251581,Akkalkot,5
27,Maharashtra,496,Solapur,300383,Akluj,5
27,Maharashtra,496,Solapur,300382,Angar,7
27,Maharashtra,496,Solapur,251576,Barshi,5
27,Maharashtra,496,Solapur,251583,Dudhani,5
27,Maharashtra,496,Solapur,251574,Karmala,5
27,Maharashtra,496,Solapur,251575,Kurduvadi,5
27,Maharashtra,496,Solapur,276302,Madha,7
27,Maharashtra,496,Solapur,298893,Mahalung Shripur,5
27,Maharashtra,496,Solapur,251582,Maindargi,5
27,Maharashtra,496,Solapur,276303,Malshiras,7
27,Maharashtra,496,Solapur,251580,Mangalvedhe,5
27,Maharashtra,496,Solapur,276301,Mohol,5
27,Maharashtra,496,Solapur,300384,Natepute,7
27,Maharashtra,496,Solapur,297006,Pandharpur,5
27,Maharashtra,496,Solapur,251579,Sangole,5
27,Maharashtra,496,Solapur,251577,Solapur,4
27,Maharashtra,496,Solapur,300385,Vairag,7
27,Maharashtra,497,Thane,251485,Ambarnath,5
27,Maharashtra,497,Thane,251486,Badlapur,5
27,Maharashtra,497,Thane,251477,Bhiwandi,4
27,Maharashtra,497,Thane,251483,Kalyan-Dombivli,4
27,Maharashtra,497,Thane,251470,Mira-Bhayandar,4
27,Maharashtra,497,Thane,251487,Murbad,7
27,Maharashtra,497,Thane,251472,Navi Mumbai,4
27,Maharashtra,497,Thane,276333,Shahapur,7
27,Maharashtra,497,Thane,251471,Thane,4
27,Maharashtra,497,Thane,251484,Ulhasnagar,4
27,Maharashtra,498,Wardha,251332,Arvi,5
27,Maharashtra,498,Wardha,276380,Ashti (Wardha),7
27,Maharashtra,498,Wardha,251337,Deoli,5
27,Maharashtra,498,Wardha,251338,Hinganghat,5
27,Maharashtra,498,Wardha,276633,Karanja Wardha,7
27,Maharashtra,498,Wardha,251336,Pulgaon,5
27,Maharashtra,498,Wardha,276379,Samudrapur,7
27,Maharashtra,498,Wardha,276378,Seloo,7
27,Maharashtra,498,Wardha,251333,Sindi,5
27,Maharashtra,498,Wardha,251334,Wardha,5
27,Maharashtra,499,Washim,251318,Karanja,5
27,Maharashtra,499,Washim,276293,Malegaon,7
27,Maharashtra,499,Washim,251317,Mangrulpir,5
27,Maharashtra,499,Washim,276294,Manora,7
27,Maharashtra,499,Washim,251320,Risod,5
27,Maharashtra,499,Washim,251319,Washim,5
27,Maharashtra,500,Yavatmal,259703,Arni,5
27,Maharashtra,500,Yavatmal,272842,Babhulgaon Nagar Panchayat,7
27,Maharashtra,500,Yavatmal,251389,Darwha,5
27,Maharashtra,500,Yavatmal,290430,Dhanki,7
27,Maharashtra,500,Yavatmal,251390,Digras,5
27,Maharashtra,500,Yavatmal,251394,Ghatanji,5
27,Maharashtra,500,Yavatmal,266073,Kalamb Nagar Panchayat,7
27,Maharashtra,500,Yavatmal,276309,Mahagaon,7
27,Maharashtra,500,Yavatmal,276310,Maregaon,7
27,Maharashtra,500,Yavatmal,259704,Ner Nababpur,5
27,Maharashtra,500,Yavatmal,251395,Pandharkawda,5
27,Maharashtra,500,Yavatmal,251391,Pusad,5
27,Maharashtra,500,Yavatmal,276308,Ralegaon,7
27,Maharashtra,500,Yavatmal,251393,Umarkhed,5
27,Maharashtra,500,Yavatmal,251397,Wani,5
27,Maharashtra,500,Yavatmal,251386,Yavatmal,5
27,Maharashtra,500,Yavatmal,272845,Zari Zamani,7
14,Manipur,252,Bishnupur,276501,Bishnupur,5
14,Manipur,252,Bishnupur,276505,Kumbi,5
14,Manipur,252,Bishnupur,276525,Kwakta,5
14,Manipur,252,Bishnupur,276514,Moirang,5
14,Manipur,252,Bishnupur,276515,Nambol,5
14,Manipur,252,Bishnupur,276530,Ningthoukhong,5
14,Manipur,252,Bishnupur,276506,Oinam,5
14,Manipur,253,Chandel,,,
14,Manipur,254,Churachandpur,,,
14,Manipur,255,Imphal East,276527,Andro,5
14,Manipur,255,Imphal East,276547,Imphal,4
14,Manipur,255,Imphal East,276508,Lamlai,5
14,Manipur,256,Imphal West,276547,Imphal,4
14,Manipur,256,Imphal West,276545,Lamsang,5
14,Manipur,256,Imphal West,276548,Lilong (Imphal West),5
14,Manipur,256,Imphal West,276552,Mayang Imphal,5
14,Manipur,256,Imphal West,276515,Nambol,5
14,Manipur,256,Imphal West,276551,Samourou,5
14,Manipur,256,Imphal West,276553,Sekmai,5
14,Manipur,256,Imphal West,276550,Thongkhong Laxmi,5
14,Manipur,256,Imphal West,276549,Wangoi,5
14,Manipur,713,Jiribam,276503,Jiribam,5
14,Manipur,711,Kakching,276500,Kakching,5
14,Manipur,711,Kakching,276536,Kakching Khunou,5
14,Manipur,711,Kakching,276510,Sugunu,5
14,Manipur,717,Kamjong,,,
14,Manipur,712,Kangpokpi,,,
14,Manipur,714,Noney,,,
14,Manipur,715,Pherzawl,,,
14,Manipur,257,Senapati,,,
14,Manipur,258,Tamenglong,,,
14,Manipur,716,Tengnoupal,,,
14,Manipur,259,Thoubal,276546,Heirok,5
14,Manipur,259,Thoubal,276502,Lilong (Thoubal),5
14,Manipur,259,Thoubal,276551,Samourou,5
14,Manipur,259,Thoubal,276509,Shikhong Sekmai,5
14,Manipur,259,Thoubal,276498,Thoubal,5
14,Manipur,259,Thoubal,276511,Wangjing Lamding,5
14,Manipur,259,Thoubal,276513,Yairipok,5
14,Manipur,260,Ukhrul,,,
17,Meghalaya,273,East Garo Hills,249808,Williamnagar,5
17,Meghalaya,657,East Jaintia Hills,279714,Khliehriat,7
17,Meghalaya,274,East Khasi Hills,249814,Shillong,5
17,Meghalaya,740,Eastern West Khasi Hills,,,
17,Meghalaya,656,North Garo Hills,249807,Resubelpara,5
17,Meghalaya,276,Ri Bhoi,249812,Nongpoh,7
17,Meghalaya,277,South Garo Hills,249809,Baghmara,5
17,Meghalaya,663,South West Garo Hills,,,
17,Meghalaya,658,South West Khasi Hills,282009,Mawkyrwat,7
17,Meghalaya,278,West Garo Hills,249806,Tura Municipal Board,5
17,Meghalaya,275,West Jaintia Hills,249820,Jowai,5
17,Meghalaya,279,West Khasi Hills,249811,Mairang,7
17,Meghalaya,279,West Khasi Hills,249810,Nongstoin,7
15,Mizoram,261,Aizawl,249770,Aizawl,6
15,Mizoram,261,Aizawl,277318,Aizawl Municipal Co-Operation,4
15,Mizoram,261,Aizawl,249768,Darlawn,6
15,Mizoram,261,Aizawl,249769,Sairang,6
15,Mizoram,262,Champhai,249773,Champhai,6
15,Mizoram,726,Hnahthial,249781,Hnahthial,6
15,Mizoram,728,Khawzawl,249774,Khawhai,6
15,Mizoram,728,Khawzawl,249772,Khawzawl,6
15,Mizoram,263,Kolasib,249765,Bairabi,6
15,Mizoram,263,Kolasib,249766,Kolasib,6
15,Mizoram,263,Kolasib,249767,N.Kawnpui,6
15,Mizoram,263,Kolasib,249764,Vairengte,6
15,Mizoram,264,Lawngtlai,306307,Lawngtlai,6
15,Mizoram,265,Lunglei,249780,Lunglei,6
15,Mizoram,265,Lunglei,249779,Tlabung,6
15,Mizoram,266,Mamit,249763,Lengpui,6
15,Mizoram,266,Mamit,249762,Mamit,6
15,Mizoram,266,Mamit,249761,Zawlnuam,6
15,Mizoram,727,Saitual,249771,Saitual,6
15,Mizoram,268,Serchhip,249775,Biate,6
15,Mizoram,268,Serchhip,249778,N.Vanlaiphai,6
15,Mizoram,268,Serchhip,249776,Serchhip,6
15,Mizoram,268,Serchhip,249777,Thenzawl,6
15,Mizoram,267,Siaha,249782,Saiha,6
13,Nagaland,758,Chumoukedima,249721,Chumukedima Town Council,7
13,Nagaland,758,Chumoukedima,253213,Medziphema Town Council,7
13,Nagaland,244,Dimapur,249720,Dimapur Municipal Council,5
13,Nagaland,244,Dimapur,276217,East Dimapur Town Council,7
13,Nagaland,614,Kiphire,253202,Kiphire Town Council,7
13,Nagaland,614,Kiphire,276224,Pungro Town Council,7
13,Nagaland,614,Kiphire,299082,Seyochung Town Council,7
13,Nagaland,245,Kohima,299088,Chiephobozou Town Council,7
13,Nagaland,245,Kohima,249722,Kohima Municipal Council,5
13,Nagaland,615,Longleng,253201,Longleng Town Council,7
13,Nagaland,615,Longleng,299084,Tamlu Town Council,7
13,Nagaland,788,Meluri,276222,Meluri Town Council,7
13,Nagaland,246,Mokokchung,253207,Changtongya Town Council,7
13,Nagaland,246,Mokokchung,276221,Mangkolemba Town Council,7
13,Nagaland,246,Mokokchung,249717,Mokokchung Municipal Council,5
13,Nagaland,246,Mokokchung,253206,Tuli Town Council,7
13,Nagaland,247,Mon,276216,Aboi Town Council,7
13,Nagaland,247,Mon,249715,Mon Town Council,7
13,Nagaland,247,Mon,253203,Naginimora Town Council,7
13,Nagaland,247,Mon,276227,Tizit Town Council,7
13,Nagaland,247,Mon,276228,Tobu Town Council,7
13,Nagaland,764,Niuland,299083,Niuland Town Council,7
13,Nagaland,736,Noklak,276223,Noklak Town Council,7
13,Nagaland,613,Peren,253205,Jalukie Town Council,7
13,Nagaland,613,Peren,253204,Peren Town Council,7
13,Nagaland,613,Peren,276226,Tening Town Council,7
13,Nagaland,248,Phek,276220,Chozuba Town Council,7
13,Nagaland,248,Phek,253210,Pfutsero Town Council,7
13,Nagaland,248,Phek,249723,Phek Town Council,7
13,Nagaland,765,Shamator,276225,Shamator Town Council,7
13,Nagaland,757,Tseminyu,253209,Tseminyu Town Council,7
13,Nagaland,249,Tuensang,276218,Longkhim Town Council,7
13,Nagaland,249,Tuensang,249716,Tuensang Town Council,7
13,Nagaland,250,Wokha,276219,Bhandari Town Council,7
13,Nagaland,250,Wokha,249719,Wokha Town Council,7
13,Nagaland,251,Zunheboto,299085,Aghunato Town Council,7
13,Nagaland,251,Zunheboto,299086,Atoizu Town Council,7
13,Nagaland,251,Zunheboto,299087,Satakha Town Council,7
13,Nagaland,251,Zunheboto,249718,Zunheboto Town Council,7
21,Odisha,344,Anugola,248140,Anugola,5
21,Odisha,344,Anugola,248142,Athamallik,6
21,Odisha,344,Anugola,305563,Pallahara,6
21,Odisha,344,Anugola,248141,Talcher,5
21,Odisha,345,Balangir,250555,Balangir,5
21,Odisha,345,Balangir,250552,Kantabanji,6
21,Odisha,345,Balangir,305699,Loisingha,6
21,Odisha,345,Balangir,250554,Patnagarh,6
21,Odisha,345,Balangir,250553,Titlagarh,5
21,Odisha,345,Balangir,263006,Tusura,6
21,Odisha,346,Baleshwar,250486,Baleshwar,5
21,Odisha,346,Baleshwar,305571,Basta,6
21,Odisha,346,Baleshwar,250482,Jaleswar,5
21,Odisha,346,Baleshwar,250484,Nilagiri,6
21,Odisha,346,Baleshwar,300314,Remuna,6
21,Odisha,346,Baleshwar,305596,Simulia,6
21,Odisha,346,Baleshwar,250485,Soro,5
21,Odisha,347,Baragada,259705,Attabira,6
21,Odisha,347,Baragada,250447,Barapali,6
21,Odisha,347,Baragada,250448,Bargarh,5
21,Odisha,347,Baragada,276628,Bijepur,6
21,Odisha,347,Baragada,250446,Padmapur,6
21,Odisha,347,Baragada,305572,Sohela,6
21,Odisha,348,Bhadrak,250489,Basudebpur,5
21,Odisha,348,Bhadrak,250487,Bhadrak,5
21,Odisha,348,Bhadrak,276631,Chandabali,6
21,Odisha,348,Bhadrak,276632,Dhamanagar,6
21,Odisha,348,Bhadrak,305573,Dhusuri,6
21,Odisha,348,Bhadrak,305594,Tihidi,6
21,Odisha,349,Boudh,250548,Boudhgarh,5
21,Odisha,351,Debagada,250457,Debagarh,5
21,Odisha,352,Dhenkanal,248059,Bhuban,6
21,Odisha,352,Dhenkanal,248060,Dhenkanal,5
21,Odisha,352,Dhenkanal,305567,Gondia,6
21,Odisha,352,Dhenkanal,259680,Hindol,6
21,Odisha,352,Dhenkanal,248058,Kamakhyanagar,6
21,Odisha,353,Gajapati,250545,Kasinagar,6
21,Odisha,353,Gajapati,250544,Paralakhemundi,5
21,Odisha,354,Ganjam,250529,Asika,5
21,Odisha,354,Ganjam,250527,Bellaguntha,6
21,Odisha,354,Ganjam,250543,Berhampur,4
21,Odisha,354,Ganjam,250526,Bhanjanagar,5
21,Odisha,354,Ganjam,250525,Buguda,6
21,Odisha,354,Ganjam,250537,Chhatrapur,5
21,Odisha,354,Ganjam,250540,Chikiti,6
21,Odisha,354,Ganjam,250541,Digapahandi,6
21,Odisha,354,Ganjam,250538,Ganjam,6
21,Odisha,354,Ganjam,250539,Gopalpur,6
21,Odisha,354,Ganjam,250542,Hinjilicut,5
21,Odisha,354,Ganjam,305697,Jagannathprasad,6
21,Odisha,354,Ganjam,250532,Kavisurjyanagar,5
21,Odisha,354,Ganjam,250535,Khalikote,6
21,Odisha,354,Ganjam,250534,Kodala,6
21,Odisha,354,Ganjam,305653,Patrapur,6
21,Odisha,354,Ganjam,250533,Polasara,5
21,Odisha,354,Ganjam,250531,Purusottampur,6
21,Odisha,354,Ganjam,250536,Rambha,6
21,Odisha,354,Ganjam,250528,Surada,6
21,Odisha,355,Jagatsinghapur,263336,Jagatsinghpur,5
21,Odisha,355,Jagatsinghapur,263324,Paradeep,5
21,Odisha,356,Jajpur,305566,Chandikhol,6
21,Odisha,356,Jajpur,250503,Jajapur,5
21,Odisha,356,Jajpur,250502,Vyasanagar,5
21,Odisha,357,Jharsuguda,250450,Belpahar,5
21,Odisha,357,Jharsuguda,250451,Brajarajnagar,5
21,Odisha,357,Jharsuguda,250452,Jharsuguda,5
21,Odisha,358,Kalahandi,250558,Bhawanipatna,5
21,Odisha,358,Kalahandi,263009,Dharmagarh,6
21,Odisha,358,Kalahandi,305568,Jayapatna,6
21,Odisha,358,Kalahandi,250560,Junagarh,6
21,Odisha,358,Kalahandi,250559,Kesinga,6
21,Odisha,358,Kalahandi,305655,Narla,6
21,Odisha,359,Kandhamala,263005,Baliguda,6
21,Odisha,359,Kandhamala,250547,G. Udayagiri,6
21,Odisha,359,Kandhamala,250546,Phulabani,5
21,Odisha,350,Kataka,250498,Athagad,6
21,Odisha,350,Kataka,305598,Badamba,6
21,Odisha,350,Kataka,250500,Banki,6
21,Odisha,350,Kataka,250494,Choudwar,5
21,Odisha,350,Kataka,250501,Cuttack,4
21,Odisha,350,Kataka,305569,Narasinghpur,6
21,Odisha,350,Kataka,305678,Salipur,6
21,Odisha,360,Kendrapada,250491,Kendrapara,5
21,Odisha,360,Kendrapada,250490,Pattamundai,5
21,Odisha,361,Kendujhar,250476,Anandapur,5
21,Odisha,361,Kendujhar,250469,Barbil,5
21,Odisha,361,Kendujhar,263000,Champua,6
21,Odisha,361,Kendujhar,250471,Joda,5
21,Odisha,361,Kendujhar,250474,Kendujhar,5
21,Odisha,362,Khordha,250517,Balugaon,6
21,Odisha,362,Khordha,250519,Banapur,6
21,Odisha,362,Khordha,250520,Bhubaneswar,4
21,Odisha,362,Khordha,250516,Jatani,5
21,Odisha,362,Khordha,250514,Khordha,5
21,Odisha,362,Khordha,305595,Tangi,6
21,Odisha,363,Koraput,305565,Borigumma,6
21,Odisha,363,Koraput,250574,Jeypur,5
21,Odisha,363,Koraput,250571,Koraput,5
21,Odisha,363,Koraput,250570,Kotpad,6
21,Odisha,363,Koraput,250573,Sunabeda,5
21,Odisha,364,Malkangiri,250576,Balimela,6
21,Odisha,364,Malkangiri,263345,Malkangiri,5
21,Odisha,365,Mayurbhanj,305635,Bangiriposhi,6
21,Odisha,365,Mayurbhanj,250481,Baripada,5
21,Odisha,365,Mayurbhanj,305636,Betnoti,6
21,Odisha,365,Mayurbhanj,305710,Chitrada,6
21,Odisha,365,Mayurbhanj,305638,Jashipur,6
21,Odisha,365,Mayurbhanj,305640,Kaptipada,6
21,Odisha,365,Mayurbhanj,250480,Karanjia,6
21,Odisha,365,Mayurbhanj,250478,Rairangpur,5
21,Odisha,365,Mayurbhanj,305642,Rasgobindpur,6
21,Odisha,365,Mayurbhanj,250479,Udala,6
21,Odisha,366,Nabarangpur,250569,Nabarangapur,5
21,Odisha,366,Nabarangpur,250567,Umarkote,5
21,Odisha,367,Nayagada,262987,Dasapalla,6
21,Odisha,367,Nayagada,250510,Khandapada,6
21,Odisha,367,Nayagada,250512,Nayagarh,5
21,Odisha,367,Nayagada,276434,Odogaon,6
21,Odisha,367,Nayagada,262994,Ranapur,6
21,Odisha,368,Nuapada,250557,Khariar,6
21,Odisha,368,Nuapada,250556,Khariar Road,6
21,Odisha,368,Nuapada,259201,Nuapada,6
21,Odisha,369,Puri,250523,Konark,6
21,Odisha,369,Puri,250522,Nimapada,6
21,Odisha,369,Puri,250521,Pipili,6
21,Odisha,369,Puri,250524,Puri,4
21,Odisha,370,Rayagada,305564,Bissamcuttack,6
21,Odisha,370,Rayagada,250563,Gudari,6
21,Odisha,370,Rayagada,250564,Gunupur,5
21,Odisha,370,Rayagada,250565,Rayagada,5
21,Odisha,371,Sambalpur,305597,Bamra,6
21,Odisha,371,Sambalpur,250453,Kochinda,6
21,Odisha,371,Sambalpur,250454,Redhakhol,6
21,Odisha,371,Sambalpur,305570,Rengali,6
21,Odisha,371,Sambalpur,253100,Sambalpur,4
21,Odisha,372,Subarnapur,250551,Binika,6
21,Odisha,372,Subarnapur,305620,Biramaharajpur,6
21,Odisha,372,Subarnapur,250550,Sonapur,5
21,Odisha,372,Subarnapur,250549,Tarbha,6
21,Odisha,373,Sundaragada,250462,Biramitrapur,5
21,Odisha,373,Sundaragada,250459,Rajagangapur,5
21,Odisha,373,Sundaragada,250467,Raurkela,4
21,Odisha,373,Sundaragada,250458,Sundargarh,5
34,Puducherry,598,Karaikal,253096,Karaikal,5
34,Puducherry,600,Puducherry,253095,Mahe,5
34,Puducherry,600,Puducherry,253093,Ozhukarai,5
34,Puducherry,600,Puducherry,253094,Pondicherry,5
34,Puducherry,600,Puducherry,253092,Yanam,5
3,Punjab,27,Amritsar,248269,Ajnala,5
3,Punjab,27,Amritsar,248273,Amritsar,4
3,Punjab,27,Amritsar,299457,Baba Bakala,7
3,Punjab,27,Amritsar,248272,Jandiala Guru,5
3,Punjab,27,Amritsar,248271,Majitha,7
3,Punjab,27,Amritsar,248270,Raja Sansi,7
3,Punjab,27,Amritsar,248268,Ramdas,7
3,Punjab,27,Amritsar,248278,Rayya,5
3,Punjab,605,Barnala,248378,Barnala,5
3,Punjab,605,Barnala,248377,Bhadaur,5
3,Punjab,605,Barnala,248381,Dhanaula,5
3,Punjab,605,Barnala,248379,Handiaya,7
3,Punjab,605,Barnala,248380,Tapa,5
3,Punjab,28,Bathinda,248367,Bathinda,4
3,Punjab,28,Bathinda,276562,Bhagta Bhai Ka Nagar Panchayat,7
3,Punjab,28,Bathinda,260770,Bhai Rupa,7
3,Punjab,28,Bathinda,248366,Bhucho Mandi,5
3,Punjab,28,Bathinda,248364,Goniana,5
3,Punjab,28,Bathinda,248369,Kot Fatta,5
3,Punjab,28,Bathinda,260782,Kot Shamir,7
3,Punjab,28,Bathinda,260780,Kotha Guru,7
3,Punjab,28,Bathinda,260778,Lehra Mohabat,7
3,Punjab,28,Bathinda,260781,Maluka,7
3,Punjab,28,Bathinda,248371,Maur,5
3,Punjab,28,Bathinda,260771,Mehraj,7
3,Punjab,28,Bathinda,260779,Nathana,7
3,Punjab,28,Bathinda,248370,Raman,5
3,Punjab,28,Bathinda,248363,Rampura Phul,5
3,Punjab,28,Bathinda,248368,Sangat,5
3,Punjab,28,Bathinda,253124,Talwandi Sabo,7
3,Punjab,29,Faridkot,248360,Faridkot,5
3,Punjab,29,Faridkot,248362,Jaitu,5
3,Punjab,29,Faridkot,248361,Kot Kapura,5
3,Punjab,30,Fatehgarh Sahib,248330,Amloh,5
3,Punjab,30,Fatehgarh Sahib,248327,Bassi Pathana,5
3,Punjab,30,Fatehgarh Sahib,248329,Gobindgarh,5
3,Punjab,30,Fatehgarh Sahib,248331,Khamanon,7
3,Punjab,30,Fatehgarh Sahib,248328,Sirhind Fatehgarh Sahib,5
3,Punjab,651,Fazilka,248355,Abohar,4
3,Punjab,651,Fazilka,277198,Arniwala Shekh Suban,7
3,Punjab,651,Fazilka,248354,Fazilka,5
3,Punjab,651,Fazilka,248353,Jalalabad,5
3,Punjab,31,Ferozepur,248351,Firozpur,5
3,Punjab,31,Ferozepur,248352,Guru Har Sahai,5
3,Punjab,31,Ferozepur,248348,Makhu,7
3,Punjab,31,Ferozepur,253222,Mallanwala,7
3,Punjab,31,Ferozepur,277197,Mamdot,7
3,Punjab,31,Ferozepur,253122,Mudki,7
3,Punjab,31,Ferozepur,248350,Talwandi Bhai,5
3,Punjab,31,Ferozepur,248349,Zira,5
3,Punjab,32,Gurdaspur,248264,Batala,4
3,Punjab,32,Gurdaspur,248267,Dera Baba Nanak,5
3,Punjab,32,Gurdaspur,248262,Dhariwal,5
3,Punjab,32,Gurdaspur,248259,Dinanagar,5
3,Punjab,32,Gurdaspur,248263,Fatehgarh Churian,5
3,Punjab,32,Gurdaspur,248260,Gurdaspur,5
3,Punjab,32,Gurdaspur,248266,Qadian,5
3,Punjab,32,Gurdaspur,248265,Sri Hargobindpur,5
3,Punjab,33,Hoshiarpur,248300,Dasua,5
3,Punjab,33,Hoshiarpur,248301,Gardhiwala,5
3,Punjab,33,Hoshiarpur,248311,Garhshankar,5
3,Punjab,33,Hoshiarpur,248306,Hariana,5
3,Punjab,33,Hoshiarpur,248308,Hoshiarpur,4
3,Punjab,33,Hoshiarpur,248310,Mahilpur,7
3,Punjab,33,Hoshiarpur,248303,Mukerian,5
3,Punjab,33,Hoshiarpur,248309,Sham Chaurasi,5
3,Punjab,33,Hoshiarpur,248305,Talwara,7
3,Punjab,33,Hoshiarpur,248302,Urmar Tanda,5
3,Punjab,34,Jalandhar,248294,Adampur,5
3,Punjab,34,Jalandhar,248295,Alawalpur,5
3,Punjab,34,Jalandhar,248298,Bhogpur,5
3,Punjab,34,Jalandhar,277200,Bilga,7
3,Punjab,34,Jalandhar,248292,Goraya,5
3,Punjab,34,Jalandhar,248296,Jalandhar,4
3,Punjab,34,Jalandhar,248299,Kartarpur,5
3,Punjab,34,Jalandhar,248287,Lohian Khas,7
3,Punjab,34,Jalandhar,277201,Mehatpur,7
3,Punjab,34,Jalandhar,248289,Nakodar,5
3,Punjab,34,Jalandhar,248291,Nurmahal,5
3,Punjab,34,Jalandhar,248293,Phillaur,5
3,Punjab,34,Jalandhar,248288,Shahkot,7
3,Punjab,35,Kapurthala,248280,Begowal,7
3,Punjab,35,Kapurthala,248281,Bhulath,7
3,Punjab,35,Kapurthala,248282,Dhilwan,7
3,Punjab,35,Kapurthala,248283,Kapurthala,4
3,Punjab,35,Kapurthala,274218,Nadala,7
3,Punjab,35,Kapurthala,248286,Phagwara,4
3,Punjab,35,Kapurthala,248285,Sultanpur Lodhi,5
3,Punjab,36,Ludhiana,248337,Doraha,5
3,Punjab,36,Ludhiana,248343,Jagraon,5
3,Punjab,36,Ludhiana,248334,Khanna,5
3,Punjab,36,Ludhiana,248338,Ludhiana,4
3,Punjab,36,Ludhiana,248333,Machhiwara,5
3,Punjab,36,Ludhiana,248335,Maloud,7
3,Punjab,36,Ludhiana,248340,Mullanpur Dakha,5
3,Punjab,36,Ludhiana,248336,Payal,5
3,Punjab,36,Ludhiana,248342,Raikot,5
3,Punjab,36,Ludhiana,248339,Sahnewal,5
3,Punjab,36,Ludhiana,248332,Samrala,5
3,Punjab,737,Malerkotla,248382,Ahmedgarh,5
3,Punjab,737,Malerkotla,273471,Amargarh,7
3,Punjab,737,Malerkotla,248383,Malerkotla,5
3,Punjab,37,Mansa,248374,Bareta,5
3,Punjab,37,Mansa,248375,Bhikhi,7
3,Punjab,37,Mansa,277199,Boha,7
3,Punjab,37,Mansa,248373,Budhlada,5
3,Punjab,37,Mansa,262906,Joga,7
3,Punjab,37,Mansa,248376,Mansa,5
3,Punjab,37,Mansa,248372,Sardulgarh,7
3,Punjab,38,Moga,248344,Badhni Kalan,7
3,Punjab,38,Moga,248345,Bhagha Purana,5
3,Punjab,38,Moga,248346,Dharamkot,5
3,Punjab,38,Moga,276647,Fatehgarh Panjtoor,7
3,Punjab,38,Moga,262989,Kot Ise Khan,7
3,Punjab,38,Moga,248347,Moga,4
3,Punjab,38,Moga,262988,Nihal Singh Wala,7
3,Punjab,662,Pathankot,277202,Norat Jamal Singh,7
3,Punjab,662,Pathankot,248256,Pathankot,4
3,Punjab,662,Pathankot,248254,Sujanpur,5
3,Punjab,41,Patiala,299458,Adda Devigarh,7
3,Punjab,41,Patiala,261762,Bhadson,7
3,Punjab,41,Patiala,248394,Ghagga,7
3,Punjab,41,Patiala,248402,Ghanaur,7
3,Punjab,41,Patiala,248397,Nabha,5
3,Punjab,41,Patiala,248399,Patiala,4
3,Punjab,41,Patiala,248395,Patran,5
3,Punjab,41,Patiala,248403,Rajpura,5
3,Punjab,41,Patiala,248396,Samana,5
3,Punjab,41,Patiala,248398,Sanaur,5
3,Punjab,42,Rupnagar,248317,Anandpur Sahib,5
3,Punjab,42,Rupnagar,261450,Chamkaur Sahib,7
3,Punjab,42,Rupnagar,261446,Kiratpur Sahib,7
3,Punjab,42,Rupnagar,248320,Morinda,5
3,Punjab,42,Rupnagar,277196,Nangal,5
3,Punjab,42,Rupnagar,248319,Rupnagar,5
3,Punjab,608,S.A.S Nagar,248404,Banur,5
3,Punjab,608,S.A.S Nagar,248405,Dera Bassi,5
3,Punjab,608,S.A.S Nagar,299456,Gharuan,7
3,Punjab,608,S.A.S Nagar,248324,Kharar,5
3,Punjab,608,S.A.S Nagar,248321,Kurali,5
3,Punjab,608,S.A.S Nagar,277203,Lalru,5
3,Punjab,608,S.A.S Nagar,277194,Nayan Gaon,5
3,Punjab,608,S.A.S Nagar,248325,S.A.S.Nagar - Mohali,4
3,Punjab,608,S.A.S Nagar,248407,Zirakpur,5
3,Punjab,43,Sangrur,248387,Bhawanigarh,5
3,Punjab,43,Sangrur,248388,Cheema,7
3,Punjab,43,Sangrur,248384,Dhuri,5
3,Punjab,43,Sangrur,248389,Dirba,7
3,Punjab,43,Sangrur,248393,Khanauri,7
3,Punjab,43,Sangrur,248391,Lehragaga,5
3,Punjab,43,Sangrur,248385,Longowal,5
3,Punjab,43,Sangrur,248392,Moonak,7
3,Punjab,43,Sangrur,248386,Sangrur,5
3,Punjab,43,Sangrur,248390,Sunam,5
3,Punjab,40,Shahid Bhagat Singh Nagar,248315,Balachaur,5
3,Punjab,40,Shahid Bhagat Singh Nagar,248312,Banga,5
3,Punjab,40,Shahid Bhagat Singh Nagar,248313,Nawanshahr,5
3,Punjab,40,Shahid Bhagat Singh Nagar,248314,Rahon,5
3,Punjab,39,Sri Muktsar Sahib,248358,Bariwala,7
3,Punjab,39,Sri Muktsar Sahib,248357,Giddarbaha,5
3,Punjab,39,Sri Muktsar Sahib,248356,Malout,5
3,Punjab,39,Sri Muktsar Sahib,248359,Muktsar,5
3,Punjab,609,Tarn Taran,248275,Bhikhiwind,7
3,Punjab,609,Tarn Taran,248276,Khemkaran,7
3,Punjab,609,Tarn Taran,248277,Patti,5
3,Punjab,609,Tarn Taran,248274,Tarn-Taran,5
8,Rajasthan,86,Ajmer,248788,Ajmer,4
8,Rajasthan,86,Ajmer,248793,Kekri,7
8,Rajasthan,86,Ajmer,248786,Kishangarh,5
8,Rajasthan,86,Ajmer,277232,Nasirabad,5
8,Rajasthan,86,Ajmer,302909,Pisangan,5
8,Rajasthan,86,Ajmer,248787,Pushkar,5
8,Rajasthan,86,Ajmer,248792,Sarwar,7
8,Rajasthan,86,Ajmer,301417,Sawar,5
8,Rajasthan,86,Ajmer,301901,Tantoti,5
8,Rajasthan,87,Alwar,248699,Alwar,4
8,Rajasthan,87,Alwar,300344,Bahadurpur,7
8,Rajasthan,87,Alwar,300347,Baroda Meo,7
8,Rajasthan,87,Alwar,299536,Govindgarh,5
8,Rajasthan,87,Alwar,301415,Kathumar,5
8,Rajasthan,87,Alwar,248702,Kherli,5
8,Rajasthan,87,Alwar,296915,Laxmangarh (Alwar),7
8,Rajasthan,87,Alwar,301407,Malakheda,5
8,Rajasthan,87,Alwar,301446,Nauganwa,7
8,Rajasthan,87,Alwar,248671,Rajgarh (Alwar),5
8,Rajasthan,87,Alwar,296916,Ramgarh (Alwar),7
8,Rajasthan,87,Alwar,290432,Thanagaji,7
8,Rajasthan,775,Balotra,248765,Balotra,5
8,Rajasthan,775,Balotra,302204,Gudhamalani,7
8,Rajasthan,775,Balotra,302984,Jasol,5
8,Rajasthan,775,Balotra,302863,Samadari,5
8,Rajasthan,775,Balotra,303111,Sindhari,7
8,Rajasthan,775,Balotra,299757,Siwana,7
8,Rajasthan,88,Banswara,248835,Banswara,5
8,Rajasthan,88,Banswara,248836,Kushalgarh,7
8,Rajasthan,88,Banswara,277602,Partapur -Garhi,7
8,Rajasthan,89,Baran,248857,Anta,7
8,Rajasthan,89,Baran,296934,Atru,7
8,Rajasthan,89,Baran,248858,Baran,5
8,Rajasthan,89,Baran,248860,Chhabra,7
8,Rajasthan,89,Baran,248856,Mangrol,7
8,Rajasthan,89,Baran,301460,Seeswali,7
8,Rajasthan,90,Barmer,248766,Barmer,5
8,Rajasthan,90,Barmer,302181,Chohtan,5
8,Rajasthan,90,Barmer,302257,Dhorimanna,7
8,Rajasthan,774,Beawar,248790,Beawar,5
8,Rajasthan,774,Beawar,248775,Jaitaran,7
8,Rajasthan,774,Beawar,302261,Masuda,7
8,Rajasthan,774,Beawar,302860,Raipur,5
8,Rajasthan,774,Beawar,248791,Vijainagar,5
8,Rajasthan,91,Bharatpur,248711,Bayana,7
8,Rajasthan,91,Bharatpur,248708,Bharatpur,4
8,Rajasthan,91,Bharatpur,248709,Bhusawar,7
8,Rajasthan,91,Bharatpur,248706,Nadbai,5
8,Rajasthan,91,Bharatpur,263008,Roopbas,7
8,Rajasthan,91,Bharatpur,298994,Uchchain,7
8,Rajasthan,91,Bharatpur,248710,Weir,7
8,Rajasthan,92,Bhilwara,248808,Asind,7
8,Rajasthan,92,Bhilwara,302924,Banera,5
8,Rajasthan,92,Bhilwara,248812,Bhilwara,4
8,Rajasthan,92,Bhilwara,302998,Bigod,5
8,Rajasthan,92,Bhilwara,301915,Bijoliya,5
8,Rajasthan,92,Bhilwara,248811,Gangapur,7
8,Rajasthan,92,Bhilwara,248809,Gulabpura,7
8,Rajasthan,92,Bhilwara,299936,Hameergarh,7
8,Rajasthan,92,Bhilwara,248813,Jahazpur,7
8,Rajasthan,92,Bhilwara,248814,Mandalgarh,7
8,Rajasthan,92,Bhilwara,277235,Shahpura..(Bhilwara),7
8,Rajasthan,93,Bikaner,248667,Bikaner,4
8,Rajasthan,93,Bikaner,248668,Deshnoke,7
8,Rajasthan,93,Bikaner,299753,Khajuwala,7
8,Rajasthan,93,Bikaner,302182,Lunkaransar,5
8,Rajasthan,93,Bikaner,302180,Napasar,5
8,Rajasthan,93,Bikaner,248669,Nokha,7
8,Rajasthan,93,Bikaner,248675,Sri Dungargarh,7
8,Rajasthan,94,Bundi,248806,Bundi,5
8,Rajasthan,94,Bundi,301414,Dei,7
8,Rajasthan,94,Bundi,303112,Hindoli,7
8,Rajasthan,94,Bundi,248802,Indragarh,7
8,Rajasthan,94,Bundi,248804,Kaprain,7
8,Rajasthan,94,Bundi,248805,Keshoraipatan,7
8,Rajasthan,94,Bundi,248803,Lakheri,7
8,Rajasthan,94,Bundi,248801,Nainwa,7
8,Rajasthan,95,Chittorgarh,301433,Akola,7
8,Rajasthan,95,Chittorgarh,248843,Bari Sadri,7
8,Rajasthan,95,Chittorgarh,248837,Begun,7
8,Rajasthan,95,Chittorgarh,248839,Chittorgarh,5
8,Rajasthan,95,Chittorgarh,248840,Kapasan,7
8,Rajasthan,95,Chittorgarh,248841,Nimbahera,7
8,Rajasthan,95,Chittorgarh,248838,Rawatbhata,5
8,Rajasthan,96,Churu,248678,Bidasar,5
8,Rajasthan,96,Churu,248679,Chhapar,7
8,Rajasthan,96,Churu,248673,Churu,5
8,Rajasthan,96,Churu,248677,Rajaldesar,7
8,Rajasthan,96,Churu,248700,Rajgarh(Churu),7
8,Rajasthan,96,Churu,248676,Ratangarh,5
8,Rajasthan,96,Churu,248674,Ratannagar,7
8,Rajasthan,96,Churu,302861,Sahwa,5
8,Rajasthan,96,Churu,248672,Sardarshahar,7
8,Rajasthan,96,Churu,248680,Sujangarh,5
8,Rajasthan,96,Churu,248670,Taranagar,7
8,Rajasthan,97,Dausa,248722,Bandikui,5
8,Rajasthan,97,Dausa,301411,Baswa,7
8,Rajasthan,97,Dausa,301435,Bhandarej,7
8,Rajasthan,97,Dausa,248725,Dausa,5
8,Rajasthan,97,Dausa,248726,Lalsot,5
8,Rajasthan,97,Dausa,301406,Lawan,5
8,Rajasthan,97,Dausa,275691,Mahwa,5
8,Rajasthan,97,Dausa,299765,Mandawar,7
8,Rajasthan,97,Dausa,296926,Mandawari,7
8,Rajasthan,97,Dausa,301410,Ramgarh Pachwara,5
8,Rajasthan,97,Dausa,301451,Sikaray,5
8,Rajasthan,767,Deeg,248705,Deeg,5
8,Rajasthan,767,Deeg,248703,Kaman,7
8,Rajasthan,767,Deeg,248707,Kumher,7
8,Rajasthan,767,Deeg,248704,Nagar,7
8,Rajasthan,767,Deeg,302206,Pahari ,5
8,Rajasthan,767,Deeg,298995,Sikri,7
8,Rajasthan,98,Dholpur,248712,Bari,7
8,Rajasthan,98,Dholpur,296931,Baseri,7
8,Rajasthan,98,Dholpur,248713,Dhaulpur,5
8,Rajasthan,98,Dholpur,302896,Maniyan,5
8,Rajasthan,98,Dholpur,248714,Rajakhera,7
8,Rajasthan,98,Dholpur,302862,Saipau,5
8,Rajasthan,98,Dholpur,296930,Sarmathura,7
8,Rajasthan,768,Didwana-Kuchaman,299534,Borawar,7
8,Rajasthan,768,Didwana-Kuchaman,248748,Didwana,7
8,Rajasthan,768,Didwana-Kuchaman,302919,Khatu Khurd,5
8,Rajasthan,768,Didwana-Kuchaman,248757,Kuchaman City,7
8,Rajasthan,768,Didwana-Kuchaman,248747,Ladnu,7
8,Rajasthan,768,Didwana-Kuchaman,248756,Makrana,5
8,Rajasthan,768,Didwana-Kuchaman,248758,Nawa,7
8,Rajasthan,768,Didwana-Kuchaman,248755,Parbatsar,7
8,Rajasthan,99,Dungarpur,248831,Dungarpur,5
8,Rajasthan,99,Dungarpur,248832,Sagwara,7
8,Rajasthan,100,Ganganagar,248656,Anupgarh,7
8,Rajasthan,100,Ganganagar,248654,Gajsinghpur,7
8,Rajasthan,100,Ganganagar,302263,Gharsana,7
8,Rajasthan,100,Ganganagar,248649,Kesrisinghpur,7
8,Rajasthan,100,Ganganagar,248653,Padampur,7
8,Rajasthan,100,Ganganagar,248655,Raisinghnagar,7
8,Rajasthan,100,Ganganagar,248652,Sadulshahar,7
8,Rajasthan,100,Ganganagar,248651,Sri Ganganagar,5
8,Rajasthan,100,Ganganagar,248650,Srikaranpur,7
8,Rajasthan,100,Ganganagar,248658,Srivijainagar,7
8,Rajasthan,100,Ganganagar,248660,Suratgarh,7
8,Rajasthan,101,Hanumangarh,248666,Bhadra,5
8,Rajasthan,101,Hanumangarh,301442,Goluwala,7
8,Rajasthan,101,Hanumangarh,248662,Hanumangarh,5
8,Rajasthan,101,Hanumangarh,248665,Nohar,5
8,Rajasthan,101,Hanumangarh,248663,Pilibanga,7
8,Rajasthan,101,Hanumangarh,248664,Rawatsar,5
8,Rajasthan,101,Hanumangarh,248661,Sangaria,7
8,Rajasthan,101,Hanumangarh,299937,Tibbi,7
8,Rajasthan,102,Jaipur,248735,Bagru,7
8,Rajasthan,102,Jaipur,296925,Bassi,7
8,Rajasthan,102,Jaipur,248737,Chaksu,7
8,Rajasthan,102,Jaipur,248730,Chomu,7
8,Rajasthan,102,Jaipur,301438,Dudu,5
8,Rajasthan,102,Jaipur,301440,Fhagi,7
8,Rajasthan,102,Jaipur,303088,Jaipur,4
8,Rajasthan,102,Jaipur,301911,Jamwa Ramgarh,5
8,Rajasthan,102,Jaipur,248732,Jobner,7
8,Rajasthan,102,Jaipur,302800,Kaladera,5
8,Rajasthan,102,Jaipur,302921,Kanota,5
8,Rajasthan,102,Jaipur,302813,Khejroli,5
8,Rajasthan,102,Jaipur,248731,Kishangarh Renwal,7
8,Rajasthan,102,Jaipur,300350,Manoharpur,7
8,Rajasthan,102,Jaipur,300321,Narayana,7
8,Rajasthan,102,Jaipur,248734,Phulera,7
8,Rajasthan,102,Jaipur,248733,Sambhar,7
8,Rajasthan,102,Jaipur,248729,Shahpura,5
8,Rajasthan,102,Jaipur,301455,Vatika,5
8,Rajasthan,103,Jaisalmer,248763,Jaisalmer,5
8,Rajasthan,103,Jaisalmer,248764,Pokaran,7
8,Rajasthan,104,Jalore,301405,Ahore,7
8,Rajasthan,104,Jalore,248768,Bhinmal,7
8,Rajasthan,104,Jalore,248767,Jalore,5
8,Rajasthan,104,Jalore,248769,Sanchore,7
8,Rajasthan,104,Jalore,302254,Sayla,7
8,Rajasthan,105,Jhalawar,248865,Aklera,7
8,Rajasthan,105,Jhalawar,248867,Bhawani Mandi,7
8,Rajasthan,105,Jhalawar,302855,Dag,5
8,Rajasthan,105,Jhalawar,248862,Jhalawar,5
8,Rajasthan,105,Jhalawar,248863,Jhalrapatan,5
8,Rajasthan,105,Jhalawar,302856,Khanpur,5
8,Rajasthan,105,Jhalawar,302858,Manoharthana,5
8,Rajasthan,105,Jhalawar,248868,Pirawa,7
8,Rajasthan,106,Jhunjhunu,248684,Baggar,7
8,Rajasthan,106,Jhunjhunu,248681,Bissau,7
8,Rajasthan,106,Jhunjhunu,302876,Buhana,5
8,Rajasthan,106,Jhunjhunu,248687,Chirawa,7
8,Rajasthan,106,Jhunjhunu,301913,Dundlod,5
8,Rajasthan,106,Jhunjhunu,301912,Jakhal,5
8,Rajasthan,106,Jhunjhunu,248683,Jhunjhunun,5
8,Rajasthan,106,Jhunjhunu,248690,Khetri,5
8,Rajasthan,106,Jhunjhunu,302612,Malsisar,5
8,Rajasthan,106,Jhunjhunu,248682,Mandawa,7
8,Rajasthan,106,Jhunjhunu,302801,Mandrela,7
8,Rajasthan,106,Jhunjhunu,248691,Mukandgarh,7
8,Rajasthan,106,Jhunjhunu,248692,Nawalgarh,7
8,Rajasthan,106,Jhunjhunu,248685,Pilani,7
8,Rajasthan,106,Jhunjhunu,301409,Singhana,5
8,Rajasthan,106,Jhunjhunu,302258,Sultana,7
8,Rajasthan,106,Jhunjhunu,248688,Surajgarh,7
8,Rajasthan,106,Jhunjhunu,248693,Udaipurwati,7
8,Rajasthan,106,Jhunjhunu,248686,Vidyavihar,7
8,Rajasthan,107,Jodhpur,299784,Balesar Satta,7
8,Rajasthan,107,Jodhpur,296924,Bhopalgarh,7
8,Rajasthan,107,Jodhpur,248762,Bilara,7
8,Rajasthan,107,Jodhpur,303089,Jodhpur,4
8,Rajasthan,107,Jodhpur,302802,Mathaniya,7
8,Rajasthan,107,Jodhpur,248761,Pipar City,7
8,Rajasthan,107,Jodhpur,302253,Tinwari,7
8,Rajasthan,108,Karauli,248716,Hindaun City,5
8,Rajasthan,108,Karauli,248717,Karauli,5
8,Rajasthan,108,Karauli,301413,Mandrayal,5
8,Rajasthan,108,Karauli,296932,Sapotra,5
8,Rajasthan,108,Karauli,302962,Suroth,5
8,Rajasthan,108,Karauli,248715,Todabhim,5
8,Rajasthan,770,Khairthal-Tijara,248695,Bhiwadi,5
8,Rajasthan,770,Khairthal-Tijara,248698,Khairthal-Tijara,5
8,Rajasthan,770,Khairthal-Tijara,277233,Kishangarhbas,7
8,Rajasthan,770,Khairthal-Tijara,299535,Kotkasim,7
8,Rajasthan,770,Khairthal-Tijara,301461,Mundawar,7
8,Rajasthan,770,Khairthal-Tijara,299934,Tapukara,7
8,Rajasthan,770,Khairthal-Tijara,248696,Tijara,7
8,Rajasthan,109,Kota,263007,Itawa,7
8,Rajasthan,109,Kota,303090,Kota,4
8,Rajasthan,109,Kota,248851,Ramganj Mandi,7
8,Rajasthan,109,Kota,248855,Sangod,7
8,Rajasthan,109,Kota,301453,Suket,7
8,Rajasthan,109,Kota,296933,Sultanpur,7
8,Rajasthan,782,Kotputli-Behror,296923,Bansur,7
8,Rajasthan,782,Kotputli-Behror,299974,Bardod,7
8,Rajasthan,782,Kotputli-Behror,248694,Behror,7
8,Rajasthan,782,Kotputli-Behror,248727,Kotputli,5
8,Rajasthan,782,Kotputli-Behror,302222,Mandhan,5
8,Rajasthan,782,Kotputli-Behror,301905,Narayanpur,5
8,Rajasthan,782,Kotputli-Behror,299935,Neemrana,5
8,Rajasthan,782,Kotputli-Behror,296922,Paota-Pragpura,5
8,Rajasthan,782,Kotputli-Behror,248728,Viratnagar,7
8,Rajasthan,110,Nagaur,299976,Basni,7
8,Rajasthan,110,Nagaur,277231,Degana,7
8,Rajasthan,110,Nagaur,299764,Jayal,7
8,Rajasthan,110,Nagaur,248752,Kuchera,7
8,Rajasthan,110,Nagaur,248753,Merta City,7
8,Rajasthan,110,Nagaur,301906,Mertaroad,7
8,Rajasthan,110,Nagaur,248751,Mundwa,7
8,Rajasthan,110,Nagaur,248749,Nagaur,5
8,Rajasthan,110,Nagaur,302942,Riyan Bari,5
8,Rajasthan,111,Pali,248785,Bali,7
8,Rajasthan,111,Pali,248784,Falna,7
8,Rajasthan,111,Pali,300322,Marwar Junction,7
8,Rajasthan,111,Pali,248778,Pali,4
8,Rajasthan,111,Pali,248780,Rani,7
8,Rajasthan,111,Pali,248781,Sadri,7
8,Rajasthan,111,Pali,248776,Sojat,7
8,Rajasthan,111,Pali,302249,Sojat Road,5
8,Rajasthan,111,Pali,248783,Sumerpur,5
8,Rajasthan,111,Pali,248782,Takhatgarh,7
8,Rajasthan,772,Phalodi,301412,Bap,7
8,Rajasthan,772,Phalodi,248759,Phalodi,7
8,Rajasthan,629,Pratapgarh,302889,Arnod,5
8,Rajasthan,629,Pratapgarh,248842,Chhoti Sadri,7
8,Rajasthan,629,Pratapgarh,299942,Dhariawad,7
8,Rajasthan,629,Pratapgarh,248844,Pratapgarh,5
8,Rajasthan,112,Rajsamand,248817,Amet,7
8,Rajasthan,112,Rajsamand,301436,Bhim,7
8,Rajasthan,112,Rajsamand,248816,Deogarh,7
8,Rajasthan,112,Rajsamand,248820,Nathdwara,7
8,Rajasthan,112,Rajsamand,248818,Rajsamand,5
8,Rajasthan,777,Salumbar,248826,Salumbar,5
8,Rajasthan,113,Sawai Madhopur,296936,Bamanwas,7
8,Rajasthan,113,Sawai Madhopur,299825,Bonli,7
8,Rajasthan,113,Sawai Madhopur,248718,Gangapur City,5
8,Rajasthan,113,Sawai Madhopur,302262,Khandar,7
8,Rajasthan,113,Sawai Madhopur,248720,Sawai Madhopur,5
8,Rajasthan,113,Sawai Madhopur,301454,Vajirpur,7
8,Rajasthan,114,Sikar,299977,Ajeetgarh,7
8,Rajasthan,114,Sikar,299941,Danta,7
8,Rajasthan,114,Sikar,302255,Dhod,7
8,Rajasthan,114,Sikar,248739,Fatehpur,7
8,Rajasthan,114,Sikar,248743,Khandela,5
8,Rajasthan,114,Sikar,277601,Khatushyamji,7
8,Rajasthan,114,Sikar,248740,Lachhmangarh,5
8,Rajasthan,114,Sikar,248742,Losal,5
8,Rajasthan,114,Sikar,248746,Neem-Ka-Thana,5
8,Rajasthan,114,Sikar,302948,Palsana,5
8,Rajasthan,114,Sikar,248738,Ramgarh,7
8,Rajasthan,114,Sikar,248745,Reengus,7
8,Rajasthan,114,Sikar,248741,Sikar,5
8,Rajasthan,114,Sikar,248744,Sri Madhopur,5
8,Rajasthan,115,Sirohi,248774,Abu Road,7
8,Rajasthan,115,Sirohi,302890,Mandar,5
8,Rajasthan,115,Sirohi,248773,Mount Abu,7
8,Rajasthan,115,Sirohi,277234,Pindwara,7
8,Rajasthan,115,Sirohi,248770,Sheoganj,7
8,Rajasthan,115,Sirohi,248771,Sirohi,5
8,Rajasthan,116,Tonk,248799,Deoli,5
8,Rajasthan,116,Tonk,301914,Diggi,5
8,Rajasthan,116,Tonk,301439,Dooni,7
8,Rajasthan,116,Tonk,301909,Lambaharising,5
8,Rajasthan,116,Tonk,248794,Malpura,5
8,Rajasthan,116,Tonk,248796,Niwai,7
8,Rajasthan,116,Tonk,302259,Peeplu,7
8,Rajasthan,116,Tonk,248798,Todaraisingh,7
8,Rajasthan,116,Tonk,248797,Tonk,5
8,Rajasthan,116,Tonk,248800,Uniara,7
8,Rajasthan,117,Udaipur,248823,Bhinder,7
8,Rajasthan,117,Udaipur,248821,Fatehnagar,7
8,Rajasthan,117,Udaipur,248824,Kanor,7
8,Rajasthan,117,Udaipur,301445,Mawali,5
8,Rajasthan,117,Udaipur,248822,Udaipur,4
8,Rajasthan,117,Udaipur,301408,Vallabhnagar,5
11,Sikkim,225,Gangtok,249694,Gangtok (M Corp.),4
11,Sikkim,225,Gangtok,249695,Singtam (Np),7
11,Sikkim,228,Gyalshing,249690,Gyalshing Nagar Panchayat,7
11,Sikkim,226,Mangan,249689,Mangan Nagar Panchayat,7
11,Sikkim,227,Namchi,249692,Namchi Municipal Council,5
11,Sikkim,227,Namchi,249693,Nayabazar Jorethang Nagar Panchayat,7
11,Sikkim,741,Pakyong,306273,Pakyong,7
11,Sikkim,741,Pakyong,290460,Rangpo (Np),7
11,Sikkim,742,Soreng,306274,Soreng,7
33,Tamil Nadu,610,Ariyalur,252767,Ariyalur,5
33,Tamil Nadu,610,Ariyalur,252765,Jayankondam,5
33,Tamil Nadu,610,Ariyalur,252766,Udayarpalayam,7
33,Tamil Nadu,610,Ariyalur,252764,Varadarajanpettai,7
33,Tamil Nadu,730,Chengalpattu,252348,Acharapakkam,7
33,Tamil Nadu,730,Chengalpattu,252333,Chengalpattu,5
33,Tamil Nadu,730,Chengalpattu,252349,Edaikazhinadu,7
33,Tamil Nadu,730,Chengalpattu,252346,Karunguzhi,7
33,Tamil Nadu,730,Chengalpattu,252347,Madurantakam,5
33,Tamil Nadu,730,Chengalpattu,252344,Mamallapuram,5
33,Tamil Nadu,730,Chengalpattu,252330,Maraimalainagar,5
33,Tamil Nadu,730,Chengalpattu,252329,Nandivaram - Guduvancheri,5
33,Tamil Nadu,730,Chengalpattu,252319,Tambaram,4
33,Tamil Nadu,730,Chengalpattu,252332,Thiruporur,7
33,Tamil Nadu,730,Chengalpattu,252343,Tirukalukundram,7
33,Tamil Nadu,568,Chennai,252294,Greater Chennai Corporation,4
33,Tamil Nadu,569,Coimbatore,252658,Alanthurai,7
33,Tamil Nadu,569,Coimbatore,252678,Anaimalai,7
33,Tamil Nadu,569,Coimbatore,252614,Annur,7
33,Tamil Nadu,569,Coimbatore,252617,Chettipalayam,7
33,Tamil Nadu,569,Coimbatore,252653,Coimbatore,4
33,Tamil Nadu,569,Coimbatore,252656,Dhaliyur,7
33,Tamil Nadu,569,Coimbatore,252666,Ettimadai,7
33,Tamil Nadu,569,Coimbatore,252920,Gudalur-Cbe,5
33,Tamil Nadu,569,Coimbatore,252641,Idikarai,7
33,Tamil Nadu,569,Coimbatore,252629,Irugur,7
33,Tamil Nadu,569,Coimbatore,252634,Kannampalayam,7
33,Tamil Nadu,569,Coimbatore,252613,Karamadai,5
33,Tamil Nadu,569,Coimbatore,252628,Karumathampatti,5
33,Tamil Nadu,569,Coimbatore,252670,Kinathukadavu,7
33,Tamil Nadu,569,Coimbatore,252681,Kottur,7
33,Tamil Nadu,569,Coimbatore,252665,Madukkarai,5
33,Tamil Nadu,569,Coimbatore,252612,Mettupalayam,5
33,Tamil Nadu,569,Coimbatore,252627,Mopperipalayam,7
33,Tamil Nadu,569,Coimbatore,260290,Narasimhanaickenpalayam,7
33,Tamil Nadu,569,Coimbatore,260291,No. 4 Veerapandi,7
33,Tamil Nadu,569,Coimbatore,252679,Odaiyakulam,7
33,Tamil Nadu,569,Coimbatore,252668,Othakalmandapam,7
33,Tamil Nadu,569,Coimbatore,252633,Pallapalayam,7
33,Tamil Nadu,569,Coimbatore,252671,Periya Negamam,7
33,Tamil Nadu,569,Coimbatore,252638,Periyanaickenpalayam,7
33,Tamil Nadu,569,Coimbatore,252661,Perur,7
33,Tamil Nadu,569,Coimbatore,252674,Pollachi,5
33,Tamil Nadu,569,Coimbatore,252659,Pooluvapatti,7
33,Tamil Nadu,569,Coimbatore,252677,Samathur,7
33,Tamil Nadu,569,Coimbatore,252642,Sarcarsamakulam,7
33,Tamil Nadu,569,Coimbatore,252611,Sirumugai,7
33,Tamil Nadu,569,Coimbatore,252676,Suleeswaranpatti,7
33,Tamil Nadu,569,Coimbatore,252632,Sulur,7
33,Tamil Nadu,569,Coimbatore,252660,Thenkarai,7
33,Tamil Nadu,569,Coimbatore,252667,Thirumalayampalayam,7
33,Tamil Nadu,569,Coimbatore,252657,Thondamuthur,7
33,Tamil Nadu,569,Coimbatore,252689,Valparai,5
33,Tamil Nadu,569,Coimbatore,252655,Vedapatti,7
33,Tamil Nadu,569,Coimbatore,252664,Vellalur,7
33,Tamil Nadu,569,Coimbatore,252680,Vettaikaranpudur,7
33,Tamil Nadu,569,Coimbatore,252673,Zamin Uthukuli,7
33,Tamil Nadu,570,Cuddalore,252782,Annamalai Nagar,7
33,Tamil Nadu,570,Cuddalore,252779,Bhuvanagiri,7
33,Tamil Nadu,570,Cuddalore,252781,Chidambaram,5
33,Tamil Nadu,570,Cuddalore,252773,Cuddalore,4
33,Tamil Nadu,570,Cuddalore,252788,Gangaikondan,7
33,Tamil Nadu,570,Cuddalore,252785,Kattumannarkoil,7
33,Tamil Nadu,570,Cuddalore,252780,Killai,7
33,Tamil Nadu,570,Cuddalore,252775,Kurinjipadi,7
33,Tamil Nadu,570,Cuddalore,252784,Lalpet,7
33,Tamil Nadu,570,Cuddalore,252786,Mangalampet,7
33,Tamil Nadu,570,Cuddalore,252768,Melpattampakkam,7
33,Tamil Nadu,570,Cuddalore,252769,Nellikuppam,5
33,Tamil Nadu,570,Cuddalore,252770,Panruti,5
33,Tamil Nadu,570,Cuddalore,252777,Parangipettai,7
33,Tamil Nadu,570,Cuddalore,252790,Pennadam,7
33,Tamil Nadu,570,Cuddalore,252778,Sethiathoppu,7
33,Tamil Nadu,570,Cuddalore,252783,Srimushnam,7
33,Tamil Nadu,570,Cuddalore,252771,Thorapadi,7
33,Tamil Nadu,570,Cuddalore,252789,Tittakudi,5
33,Tamil Nadu,570,Cuddalore,252776,Vadalur,5
33,Tamil Nadu,570,Cuddalore,252787,Virudhachalam,5
33,Tamil Nadu,571,Dharmapuri,252415,B.Mallapuram,7
33,Tamil Nadu,571,Dharmapuri,252417,Dharmapuri,5
33,Tamil Nadu,571,Dharmapuri,252413,Harur,5
33,Tamil Nadu,571,Dharmapuri,252414,Kadathur,7
33,Tamil Nadu,571,Dharmapuri,252412,Kambainallur,7
33,Tamil Nadu,571,Dharmapuri,252408,Karimangalam,7
33,Tamil Nadu,571,Dharmapuri,252407,Marandahalli,7
33,Tamil Nadu,571,Dharmapuri,252409,Palakkodu,7
33,Tamil Nadu,571,Dharmapuri,252484,Papparapatti,7
33,Tamil Nadu,571,Dharmapuri,252416,Pappireddipatti,7
33,Tamil Nadu,571,Dharmapuri,252419,Pennagaram,7
33,Tamil Nadu,572,Dindigul,252702,Agaram,7
33,Tamil Nadu,572,Dindigul,252714,Ammainaickanur,7
33,Tamil Nadu,572,Dindigul,252691,Ayakudi,7
33,Tamil Nadu,572,Dindigul,252699,Ayyalur,7
33,Tamil Nadu,572,Dindigul,252711,Ayyampalayam,7
33,Tamil Nadu,572,Dindigul,252694,Balasamudram,7
33,Tamil Nadu,572,Dindigul,252718,Batlagundu,7
33,Tamil Nadu,572,Dindigul,252709,Chinnalapatti,7
33,Tamil Nadu,572,Dindigul,252707,Dindigul,4
33,Tamil Nadu,572,Dindigul,252698,Eriodu,7
33,Tamil Nadu,572,Dindigul,252589,Kannivadi,7
33,Tamil Nadu,572,Dindigul,252845,Keeranur,7
33,Tamil Nadu,572,Dindigul,252713,Kodaikanal,5
33,Tamil Nadu,572,Dindigul,252701,Natham,7
33,Tamil Nadu,572,Dindigul,252693,Neikkarapatti,7
33,Tamil Nadu,572,Dindigul,252715,Nilakkottai,7
33,Tamil Nadu,572,Dindigul,252695,Oddanchatram,5
33,Tamil Nadu,572,Dindigul,252692,Palani,5
33,Tamil Nadu,572,Dindigul,252696,Palayam,7
33,Tamil Nadu,572,Dindigul,252712,Pannaikadu,7
33,Tamil Nadu,572,Dindigul,252717,Pattiveeranpatti,7
33,Tamil Nadu,572,Dindigul,252716,Sevugampatti,7
33,Tamil Nadu,572,Dindigul,252710,Sithayankottai,7
33,Tamil Nadu,572,Dindigul,252704,Sriramapuram,7
33,Tamil Nadu,572,Dindigul,252703,Thadikombu,7
33,Tamil Nadu,572,Dindigul,252700,Vadamadurai,7
33,Tamil Nadu,572,Dindigul,252697,Vedasandur,7
33,Tamil Nadu,573,Erode,252829,Ammapettai,7
33,Tamil Nadu,573,Erode,252535,Anthiyur,7
33,Tamil Nadu,573,Erode,252537,Appakudal,7
33,Tamil Nadu,573,Erode,252575,Arachalur,7
33,Tamil Nadu,573,Erode,252529,Ariyappampalayam,7
33,Tamil Nadu,573,Erode,252536,Athani,7
33,Tamil Nadu,573,Erode,252572,Avalpoondurai,7
33,Tamil Nadu,573,Erode,252539,Bhavani,5
33,Tamil Nadu,573,Erode,252530,Bhavanisagar,7
33,Tamil Nadu,573,Erode,252584,Chennasamudram,7
33,Tamil Nadu,573,Erode,252562,Chennimalai,7
33,Tamil Nadu,573,Erode,252564,Chithode,7
33,Tamil Nadu,573,Erode,252548,Elathur,7
33,Tamil Nadu,573,Erode,252568,Erode,4
33,Tamil Nadu,573,Erode,252547,Gobichettipalayam,5
33,Tamil Nadu,573,Erode,252538,Jambai,7
33,Tamil Nadu,573,Erode,252553,Kanjikovil,7
33,Tamil Nadu,573,Erode,252554,Karumandi Chellipalayam,7
33,Tamil Nadu,573,Erode,252546,Kasipalayam (G),7
33,Tamil Nadu,573,Erode,252527,Kembainaickenpalayam,7
33,Tamil Nadu,573,Erode,252577,Kilambadi,7
33,Tamil Nadu,573,Erode,252583,Kodumudi,7
33,Tamil Nadu,573,Erode,252549,Kolappalur,7
33,Tamil Nadu,573,Erode,252580,Kollankoil,7
33,Tamil Nadu,573,Erode,252544,Kugalur,7
33,Tamil Nadu,573,Erode,252545,Lakkampatti,7
33,Tamil Nadu,573,Erode,252573,Modakkurichi,7
33,Tamil Nadu,573,Erode,252555,Nallampatti,7
33,Tamil Nadu,573,Erode,252550,Nambiyur,7
33,Tamil Nadu,573,Erode,252565,Nasiyanur,7
33,Tamil Nadu,573,Erode,252532,Nerinjipettai,7
33,Tamil Nadu,573,Erode,252534,Olagadam,7
33,Tamil Nadu,573,Erode,252543,P.Mettupalayam,7
33,Tamil Nadu,573,Erode,252552,Pallapalayam,7
33,Tamil Nadu,573,Erode,252574,Pasur,7
33,Tamil Nadu,573,Erode,252541,Periyakodiveri,7
33,Tamil Nadu,573,Erode,252558,Perundurai,5
33,Tamil Nadu,573,Erode,252551,Pethampalayam,7
33,Tamil Nadu,573,Erode,252531,Punjaipuliampatti,5
33,Tamil Nadu,573,Erode,252540,Salangapalayam,7
33,Tamil Nadu,573,Erode,252528,Sathyamangalam,5
33,Tamil Nadu,573,Erode,252579,Sivagiri,7
33,Tamil Nadu,573,Erode,252581,Unjalur,7
33,Tamil Nadu,573,Erode,252904,Vadugapatti,7
33,Tamil Nadu,573,Erode,252542,Vaniputhur,7
33,Tamil Nadu,573,Erode,252578,Vellottamparappu,7
33,Tamil Nadu,573,Erode,252582,Vengambur,7
33,Tamil Nadu,729,Kallakurichi,252452,Chinnasalem,7
33,Tamil Nadu,729,Kallakurichi,252451,Kallakurichi,5
33,Tamil Nadu,729,Kallakurichi,252444,Manalurpet,7
33,Tamil Nadu,729,Kallakurichi,252448,Sankarapuram,7
33,Tamil Nadu,729,Kallakurichi,252450,Thiagadurgam,7
33,Tamil Nadu,729,Kallakurichi,252446,Tirukkoyilur,5
33,Tamil Nadu,729,Kallakurichi,252453,Ulundurpettai,5
33,Tamil Nadu,729,Kallakurichi,252449,Vadakkanandal,7
33,Tamil Nadu,574,Kancheepuram,252336,Kancheepuram,4
33,Tamil Nadu,574,Kancheepuram,252298,Kundrathur,5
33,Tamil Nadu,574,Kancheepuram,252295,Mangadu,5
33,Tamil Nadu,574,Kancheepuram,252299,Sriperumbudur,5
33,Tamil Nadu,574,Kancheepuram,252342,Uthiramerur,7
33,Tamil Nadu,574,Kancheepuram,252341,Walajabad,7
33,Tamil Nadu,575,Kanniyakumari,253090,Agastheeswaram,7
33,Tamil Nadu,575,Kanniyakumari,253089,Anjugrammam,7
33,Tamil Nadu,575,Kanniyakumari,253076,Aralvaimozhi,7
33,Tamil Nadu,575,Kanniyakumari,253033,Arumanai,7
33,Tamil Nadu,575,Kanniyakumari,253055,Athur,7
33,Tamil Nadu,575,Kanniyakumari,260288,Azhagappapuram,7
33,Tamil Nadu,575,Kanniyakumari,253073,Azhagiapandipuram,7
33,Tamil Nadu,575,Kanniyakumari,253074,Boothapandi,7
33,Tamil Nadu,575,Kanniyakumari,253068,Colachel,5
33,Tamil Nadu,575,Kanniyakumari,253034,Edaicode,7
33,Tamil Nadu,575,Kanniyakumari,253064,Eraniel,7
33,Tamil Nadu,575,Kanniyakumari,253081,Ganapathipuram,7
33,Tamil Nadu,575,Kanniyakumari,253032,Kadayal,7
33,Tamil Nadu,575,Kanniyakumari,253036,Kaliyakkavilai,7
33,Tamil Nadu,575,Kanniyakumari,253065,Kallukuttam,7
33,Tamil Nadu,575,Kanniyakumari,253091,Kanniyakumari,5
33,Tamil Nadu,575,Kanniyakumari,253058,Kappiyarai,7
33,Tamil Nadu,575,Kanniyakumari,253046,Karungal,7
33,Tamil Nadu,575,Kanniyakumari,253044,Keezhkulam,7
33,Tamil Nadu,575,Kanniyakumari,253045,Killiyoor,7
33,Tamil Nadu,575,Kanniyakumari,253042,Kollancode,5
33,Tamil Nadu,575,Kanniyakumari,253053,Kothanallur,7
33,Tamil Nadu,575,Kanniyakumari,253088,Kottaram,7
33,Tamil Nadu,575,Kanniyakumari,253050,Kulasekaram,7
33,Tamil Nadu,575,Kanniyakumari,253052,Kumarapuram,7
33,Tamil Nadu,575,Kanniyakumari,253038,Kuzhithurai,5
33,Tamil Nadu,575,Kanniyakumari,253069,Manavalakurichi,7
33,Tamil Nadu,575,Kanniyakumari,253070,Mandaikadu,7
33,Tamil Nadu,575,Kanniyakumari,253078,Marungur,7
33,Tamil Nadu,575,Kanniyakumari,253057,Mulagumudu,7
33,Tamil Nadu,575,Kanniyakumari,253083,Mylaudy,7
33,Tamil Nadu,575,Kanniyakumari,253079,Nagercoil,4
33,Tamil Nadu,575,Kanniyakumari,260663,Nalloor,7
33,Tamil Nadu,575,Kanniyakumari,253066,Neyyoor,7
33,Tamil Nadu,575,Kanniyakumari,253037,Pacode,7
33,Tamil Nadu,575,Kanniyakumari,253061,Padmanabhapuram,5
33,Tamil Nadu,575,Kanniyakumari,260292,Palappallam,7
33,Tamil Nadu,575,Kanniyakumari,253035,Palugal,7
33,Tamil Nadu,575,Kanniyakumari,253051,Ponmanai,7
33,Tamil Nadu,575,Kanniyakumari,253085,Puthalam,7
33,Tamil Nadu,575,Kanniyakumari,253041,Puthukkadai,7
33,Tamil Nadu,575,Kanniyakumari,253067,Reethapuram,7
33,Tamil Nadu,575,Kanniyakumari,253082,Suchindrum,7
33,Tamil Nadu,575,Kanniyakumari,253075,Thazhakudy,7
33,Tamil Nadu,575,Kanniyakumari,253087,Thenthamaraikulam,7
33,Tamil Nadu,575,Kanniyakumari,253077,Therur,7
33,Tamil Nadu,575,Kanniyakumari,253071,Thingalnagar,7
33,Tamil Nadu,575,Kanniyakumari,253048,Thirparappu,7
33,Tamil Nadu,575,Kanniyakumari,253049,Thiruvattar,7
33,Tamil Nadu,575,Kanniyakumari,253059,Thiruvithancode,7
33,Tamil Nadu,575,Kanniyakumari,253039,Unnamalaikadai,7
33,Tamil Nadu,575,Kanniyakumari,253056,Valvaithankoshtam,7
33,Tamil Nadu,575,Kanniyakumari,253072,Vellimalai,7
33,Tamil Nadu,575,Kanniyakumari,253054,Verkilambi,7
33,Tamil Nadu,575,Kanniyakumari,253060,Vilavur,7
33,Tamil Nadu,575,Kanniyakumari,253062,Villukuri,7
33,Tamil Nadu,576,Karur,252719,Aravakurichi,7
33,Tamil Nadu,576,Karur,252725,Karur,4
33,Tamil Nadu,576,Karur,252729,Krishnarayapuram,7
33,Tamil Nadu,576,Karur,252731,Kulithalai,5
33,Tamil Nadu,576,Karur,252732,Marudur,7
33,Tamil Nadu,576,Karur,252733,Nangavaram,7
33,Tamil Nadu,576,Karur,252730,P.J. Cholapuram,7
33,Tamil Nadu,576,Karur,252720,Pallapatti,5
33,Tamil Nadu,576,Karur,300381,Pugalur,5
33,Tamil Nadu,576,Karur,252726,Puliyur,7
33,Tamil Nadu,576,Karur,252723,Punjai Thottakurichi,7
33,Tamil Nadu,576,Karur,252727,Uppidamangalam,7
33,Tamil Nadu,577,Krishnagiri,252401,Bargur,7
33,Tamil Nadu,577,Krishnagiri,252406,Denkanikottai,7
33,Tamil Nadu,577,Krishnagiri,252399,Hosur,4
33,Tamil Nadu,577,Krishnagiri,252404,Kaveripattinam,7
33,Tamil Nadu,577,Krishnagiri,252405,Kelamangalam,7
33,Tamil Nadu,577,Krishnagiri,252402,Krishnagiri,5
33,Tamil Nadu,577,Krishnagiri,252410,Nagojanahalli,7
33,Tamil Nadu,577,Krishnagiri,252411,Uthangarai,7
33,Tamil Nadu,578,Madurai,252870,A.Vellalapatti,7
33,Tamil Nadu,578,Madurai,252883,Alanganallur,7
33,Tamil Nadu,578,Madurai,252885,Elumalai,7
33,Tamil Nadu,578,Madurai,252889,Madurai,4
33,Tamil Nadu,578,Madurai,252871,Melur,5
33,Tamil Nadu,578,Madurai,252880,Palamedu,7
33,Tamil Nadu,578,Madurai,252872,Paravai,7
33,Tamil Nadu,578,Madurai,252886,Peraiyur,7
33,Tamil Nadu,578,Madurai,252882,Sholavandan,7
33,Tamil Nadu,578,Madurai,252887,T.Kallupatti,7
33,Tamil Nadu,578,Madurai,252888,Tirumangalam,5
33,Tamil Nadu,578,Madurai,252884,Usilampatti,5
33,Tamil Nadu,578,Madurai,252881,Vadipatti,7
33,Tamil Nadu,735,Mayiladuthurai,252795,Kuthalam,7
33,Tamil Nadu,735,Mayiladuthurai,252793,Manalmedu,7
33,Tamil Nadu,735,Mayiladuthurai,252794,Mayiladuthurai,5
33,Tamil Nadu,735,Mayiladuthurai,252791,Sirkali,5
33,Tamil Nadu,735,Mayiladuthurai,252796,Tharangambadi,7
33,Tamil Nadu,735,Mayiladuthurai,252792,Vaitheeswarankoil,7
33,Tamil Nadu,579,Nagapattinam,252799,Kilvelur,7
33,Tamil Nadu,579,Nagapattinam,299500,Nagapattinam,5
33,Tamil Nadu,579,Nagapattinam,252801,Thalainayar,7
33,Tamil Nadu,579,Nagapattinam,252797,Thittachery,7
33,Tamil Nadu,579,Nagapattinam,252802,Vedaranyam,5
33,Tamil Nadu,579,Nagapattinam,252800,Velankanni,7
33,Tamil Nadu,580,Namakkal,252505,Alampalayam,7
33,Tamil Nadu,580,Namakkal,252509,Athanur,7
33,Tamil Nadu,580,Namakkal,252520,Erumaipatti,7
33,Tamil Nadu,580,Namakkal,252516,Kalappanaickenpatti,7
33,Tamil Nadu,580,Namakkal,252499,Komarapalayam,5
33,Tamil Nadu,580,Namakkal,252501,Mallasamudram,7
33,Tamil Nadu,580,Namakkal,252521,Mohanur,7
33,Tamil Nadu,580,Namakkal,252514,Namagiripettai,7
33,Tamil Nadu,580,Namakkal,252518,Namakkal,5
33,Tamil Nadu,580,Namakkal,252500,Padaiveedu,7
33,Tamil Nadu,580,Namakkal,252506,Pallipalayam,5
33,Tamil Nadu,580,Namakkal,252525,Pandamangalam,7
33,Tamil Nadu,580,Namakkal,252522,Paramathi,7
33,Tamil Nadu,580,Namakkal,252511,Pattanam,7
33,Tamil Nadu,580,Namakkal,252515,Pillanallur,7
33,Tamil Nadu,580,Namakkal,252524,Pothanur,7
33,Tamil Nadu,580,Namakkal,252510,R.Pudupatti,7
33,Tamil Nadu,580,Namakkal,252512,Rasipuram,5
33,Tamil Nadu,580,Namakkal,252513,Seerapalli,7
33,Tamil Nadu,580,Namakkal,252517,Senthamangalam,7
33,Tamil Nadu,580,Namakkal,252502,Tiruchengode,5
33,Tamil Nadu,580,Namakkal,252523,Velur,7
33,Tamil Nadu,580,Namakkal,252526,Venkarai,7
33,Tamil Nadu,580,Namakkal,252508,Vennanthur,7
33,Tamil Nadu,581,Perambalur,252760,Arumbavur,7
33,Tamil Nadu,581,Perambalur,252761,Kurumbalur,7
33,Tamil Nadu,581,Perambalur,252763,Labbaikudikadu,7
33,Tamil Nadu,581,Perambalur,252762,Perambalur,5
33,Tamil Nadu,581,Perambalur,252759,Poolambadi,7
33,Tamil Nadu,582,Pudukkottai,252852,Alangudi,7
33,Tamil Nadu,582,Pudukkottai,252844,Annavasal,7
33,Tamil Nadu,582,Pudukkottai,252854,Aranthangi,5
33,Tamil Nadu,582,Pudukkottai,252850,Arimalam,7
33,Tamil Nadu,582,Pudukkottai,306237,Gandarvakottai,7
33,Tamil Nadu,582,Pudukkottai,252843,Iluppur,7
33,Tamil Nadu,582,Pudukkottai,252851,Karambakkudi,7
33,Tamil Nadu,582,Pudukkottai,252853,Keeramangalam,7
33,Tamil Nadu,582,Pudukkottai,252690,Keeranur,7
33,Tamil Nadu,582,Pudukkottai,252849,Ponnamaravathi,7
33,Tamil Nadu,582,Pudukkottai,252848,Pudukkottai,4
33,Tamil Nadu,583,Ramanathapuram,252954,Abiramam,7
33,Tamil Nadu,583,Ramanathapuram,252955,Kamuthi,7
33,Tamil Nadu,583,Ramanathapuram,252958,Keelakarai,5
33,Tamil Nadu,583,Ramanathapuram,252959,Mandapam,7
33,Tamil Nadu,583,Ramanathapuram,252953,Mudukulathur,7
33,Tamil Nadu,583,Ramanathapuram,252952,Paramakudi,5
33,Tamil Nadu,583,Ramanathapuram,252951,R.S.Mangalam,7
33,Tamil Nadu,583,Ramanathapuram,252957,Ramanathapuram,5
33,Tamil Nadu,583,Ramanathapuram,290447,Rameswaram,5
33,Tamil Nadu,583,Ramanathapuram,252956,Sayalgudi,7
33,Tamil Nadu,583,Ramanathapuram,252950,Thondi,7
33,Tamil Nadu,731,Ranipet,252361,Ammoor,7
33,Tamil Nadu,731,Ranipet,252367,Arakkonam,5
33,Tamil Nadu,731,Ranipet,252373,Arcot,5
33,Tamil Nadu,731,Ranipet,252376,Kalavai,7
33,Tamil Nadu,731,Ranipet,252371,Kaveripakkam,7
33,Tamil Nadu,731,Ranipet,252366,Melvisharam,5
33,Tamil Nadu,731,Ranipet,252369,Nemili,7
33,Tamil Nadu,731,Ranipet,252372,Panapakkam,7
33,Tamil Nadu,731,Ranipet,252364,Ranipet,5
33,Tamil Nadu,731,Ranipet,252360,Sholingur,5
33,Tamil Nadu,731,Ranipet,252370,Thakkolam,7
33,Tamil Nadu,731,Ranipet,252375,Timiri,7
33,Tamil Nadu,731,Ranipet,252374,Vilapakkam,7
33,Tamil Nadu,731,Ranipet,252365,Walajapet,5
33,Tamil Nadu,584,Salem,252471,Arasiramani,7
33,Tamil Nadu,584,Salem,252483,Attayampatti,7
33,Tamil Nadu,584,Salem,252491,Attur,5
33,Tamil Nadu,584,Salem,252486,Ayothiapattinam,7
33,Tamil Nadu,584,Salem,252487,Belur,7
33,Tamil Nadu,584,Salem,252470,Edanganasalai,5
33,Tamil Nadu,584,Salem,252468,Edappadi,5
33,Tamil Nadu,584,Salem,260289,Elampillai,7
33,Tamil Nadu,584,Salem,252489,Ethapur,7
33,Tamil Nadu,584,Salem,252496,Gangavalli,7
33,Tamil Nadu,584,Salem,252462,Jalakandapuram,7
33,Tamil Nadu,584,Salem,252463,Kadayampatti,7
33,Tamil Nadu,584,Salem,252475,Kannankurichi,7
33,Tamil Nadu,584,Salem,252465,Karuppur,7
33,Tamil Nadu,584,Salem,252493,Keeripatti,7
33,Tamil Nadu,584,Salem,252455,Kolathur,7
33,Tamil Nadu,584,Salem,252469,Konganapuram,7
33,Tamil Nadu,584,Salem,252485,Mallur,7
33,Tamil Nadu,584,Salem,252454,Mecheri,7
33,Tamil Nadu,584,Salem,252457,Mettur,5
33,Tamil Nadu,584,Salem,252459,Nangavalli,7
33,Tamil Nadu,584,Salem,252363,Narasingapuram,5
33,Tamil Nadu,584,Salem,252464,Omalur,7
33,Tamil Nadu,584,Salem,252458,P.N.Patti,7
33,Tamil Nadu,584,Salem,252481,Panaimarathupatti,7
33,Tamil Nadu,584,Salem,252490,Pethanaickenpalayam,7
33,Tamil Nadu,584,Salem,252467,Poolampatti,7
33,Tamil Nadu,584,Salem,252474,Salem,4
33,Tamil Nadu,584,Salem,252473,Sankari,5
33,Tamil Nadu,584,Salem,252498,Sentharapatti,7
33,Tamil Nadu,584,Salem,252497,Thammampatti,7
33,Tamil Nadu,584,Salem,252466,Tharamangalam,5
33,Tamil Nadu,584,Salem,252495,Thedavur,7
33,Tamil Nadu,584,Salem,252472,Thevur,7
33,Tamil Nadu,584,Salem,252460,Vanavasi,7
33,Tamil Nadu,584,Salem,252488,Vazhapadi,7
33,Tamil Nadu,584,Salem,252494,Veeraganur,7
33,Tamil Nadu,584,Salem,252456,Veerakkalpudur,7
33,Tamil Nadu,585,Sivaganga,252864,Devakottai,5
33,Tamil Nadu,585,Sivaganga,252869,Ilayangudi,7
33,Tamil Nadu,585,Sivaganga,252858,Kanadukathan,7
33,Tamil Nadu,585,Sivaganga,252861,Kandanur,7
33,Tamil Nadu,585,Sivaganga,252863,Karaikudi,4
33,Tamil Nadu,585,Sivaganga,252860,Kottaiyur,7
33,Tamil Nadu,585,Sivaganga,252868,Manamadurai,5
33,Tamil Nadu,585,Sivaganga,252865,Nattarasankottai,7
33,Tamil Nadu,585,Sivaganga,252855,Nerkuppai,7
33,Tamil Nadu,585,Sivaganga,252859,Pallathur,7
33,Tamil Nadu,585,Sivaganga,252862,Puduvayal,7
33,Tamil Nadu,585,Sivaganga,252856,Singampuneri,7
33,Tamil Nadu,585,Sivaganga,252866,Sivagangai,5
33,Tamil Nadu,585,Sivaganga,252867,Thirupuvanam,7
33,Tamil Nadu,585,Sivaganga,252857,Tirupathur,7
33,Tamil Nadu,733,Tenkasi,253002,Achampudur,7
33,Tamil Nadu,733,Tenkasi,253008,Alangulam,7
33,Tamil Nadu,733,Tenkasi,253012,Alwarkurichi,7
33,Tamil Nadu,733,Tenkasi,252996,Aygudi,7
33,Tamil Nadu,733,Tenkasi,253001,Courtalam,7
33,Tamil Nadu,733,Tenkasi,252999,Ilanji,7
33,Tamil Nadu,733,Tenkasi,252994,Kadayanallur,5
33,Tamil Nadu,733,Tenkasi,253007,Kilapavoor,7
33,Tamil Nadu,733,Tenkasi,253000,Melagaram,7
33,Tamil Nadu,733,Tenkasi,253004,Panpoli,7
33,Tamil Nadu,733,Tenkasi,253005,Pudur (S),7
33,Tamil Nadu,733,Tenkasi,252990,Puliangudi,5
33,Tamil Nadu,733,Tenkasi,252988,Rayagiri,7
33,Tamil Nadu,733,Tenkasi,252995,Sambavar Vadagarai,7
33,Tamil Nadu,733,Tenkasi,252992,Sankarankovil,5
33,Tamil Nadu,733,Tenkasi,253006,Sengottai,5
33,Tamil Nadu,733,Tenkasi,252987,Sivagiri,7
33,Tamil Nadu,733,Tenkasi,252998,Sundarapandiapuram,7
33,Tamil Nadu,733,Tenkasi,252993,Surandai,5
33,Tamil Nadu,733,Tenkasi,252997,Tenkasi,5
33,Tamil Nadu,733,Tenkasi,252991,Thiruvengadam,7
33,Tamil Nadu,733,Tenkasi,253003,Vadakarai Keezhpadugai,7
33,Tamil Nadu,733,Tenkasi,252989,Vasudevanallur,7
33,Tamil Nadu,586,Thanjavur,252840,Adiramapattinam,5
33,Tamil Nadu,586,Thanjavur,252818,Aduthurai,7
33,Tamil Nadu,586,Thanjavur,252533,Ammapettai,7
33,Tamil Nadu,586,Thanjavur,252340,Ayyampettai,7
33,Tamil Nadu,586,Thanjavur,252819,Cholapuram,7
33,Tamil Nadu,586,Thanjavur,252823,Kumbakonam,4
33,Tamil Nadu,586,Thanjavur,252838,Madukkur,7
33,Tamil Nadu,586,Thanjavur,252832,Melathiruppanthuruthi,7
33,Tamil Nadu,586,Thanjavur,252828,Melattur,7
33,Tamil Nadu,586,Thanjavur,252837,Orathanadu,7
33,Tamil Nadu,586,Thanjavur,252826,Papanasam,7
33,Tamil Nadu,586,Thanjavur,252839,Pattukkottai,5
33,Tamil Nadu,586,Thanjavur,252841,Peravurani,7
33,Tamil Nadu,586,Thanjavur,252842,Perumagalur,7
33,Tamil Nadu,586,Thanjavur,252822,Swamimalai,7
33,Tamil Nadu,586,Thanjavur,252833,Thanjavur,4
33,Tamil Nadu,586,Thanjavur,252831,Thirukkattupalli,7
33,Tamil Nadu,586,Thanjavur,252824,Thirunageswaram,7
33,Tamil Nadu,586,Thanjavur,252814,Thiruppanandal,7
33,Tamil Nadu,586,Thanjavur,252816,Thirupuvanam,7
33,Tamil Nadu,586,Thanjavur,252830,Thiruvaiyaru,5
33,Tamil Nadu,586,Thanjavur,252817,Thiruvidaimarudur,7
33,Tamil Nadu,586,Thanjavur,252836,Vallam,7
33,Tamil Nadu,586,Thanjavur,252815,Veppathur,7
33,Tamil Nadu,587,The Nilgiris,252607,Adikaratti,7
33,Tamil Nadu,587,The Nilgiris,252609,Bikkatty,7
33,Tamil Nadu,587,The Nilgiris,252605,Coonoor,5
33,Tamil Nadu,587,The Nilgiris,252595,Devarshola,7
33,Tamil Nadu,587,The Nilgiris,252639,Gudalur,5
33,Tamil Nadu,587,The Nilgiris,252608,Huligal,7
33,Tamil Nadu,587,The Nilgiris,252602,Jagathala,7
33,Tamil Nadu,587,The Nilgiris,252603,Kethi,7
33,Tamil Nadu,587,The Nilgiris,252610,Kilkunda,7
33,Tamil Nadu,587,The Nilgiris,252601,Kotagiri,5
33,Tamil Nadu,587,The Nilgiris,252599,Naduvattam,7
33,Tamil Nadu,587,The Nilgiris,252594,Nelliyalam,5
33,Tamil Nadu,587,The Nilgiris,252597,O Valley,7
33,Tamil Nadu,587,The Nilgiris,252598,Sholur,7
33,Tamil Nadu,587,The Nilgiris,252600,Udhagamandalam,5
33,Tamil Nadu,588,Theni,252922,Aundipatti,7
33,Tamil Nadu,588,Theni,252896,B. Meenakshipuram,7
33,Tamil Nadu,588,Theni,252897,Bodinayakanur,5
33,Tamil Nadu,588,Theni,252895,Boothipuram,7
33,Tamil Nadu,588,Theni,252913,Chinnamanur,5
33,Tamil Nadu,588,Theni,252918,Cumbum,5
33,Tamil Nadu,588,Theni,252899,Devadanapatti,7
33,Tamil Nadu,588,Theni,252900,Ganguvarpatti,7
33,Tamil Nadu,588,Theni,252596,Gudalur,5
33,Tamil Nadu,588,Theni,252916,Hanumanthampatti,7
33,Tamil Nadu,588,Theni,252921,Highways,7
33,Tamil Nadu,588,Theni,252919,Kamayagoundanpatti,7
33,Tamil Nadu,588,Theni,252912,Kombai,7
33,Tamil Nadu,588,Theni,252909,Kuchanur,7
33,Tamil Nadu,588,Theni,252910,Markayankottai,7
33,Tamil Nadu,588,Theni,252898,Melachokkanathapuram,7
33,Tamil Nadu,588,Theni,252914,Odaipatti,7
33,Tamil Nadu,588,Theni,252906,Palani Chettipatti,7
33,Tamil Nadu,588,Theni,252911,Pannaipuram,7
33,Tamil Nadu,588,Theni,252902,Periyakulam,5
33,Tamil Nadu,588,Theni,252917,Pudupatti,7
33,Tamil Nadu,588,Theni,252901,Thamaraikulam,7
33,Tamil Nadu,588,Theni,252905,Theni-Allinagaram,5
33,Tamil Nadu,588,Theni,252903,Thenkarai,7
33,Tamil Nadu,588,Theni,252908,Thevaram,7
33,Tamil Nadu,588,Theni,252915,Uthamapalayam,7
33,Tamil Nadu,588,Theni,252576,Vadugapatti,7
33,Tamil Nadu,588,Theni,252626,Veerapandi,7
33,Tamil Nadu,589,Thiruvallur,252263,Arani,7
33,Tamil Nadu,589,Thiruvallur,252276,Avadi,4
33,Tamil Nadu,589,Thiruvallur,252262,Gummidipoondi,7
33,Tamil Nadu,589,Thiruvallur,252265,Minjur,7
33,Tamil Nadu,589,Thiruvallur,252283,Naravarikuppam,7
33,Tamil Nadu,589,Thiruvallur,252270,Pallipattu,7
33,Tamil Nadu,589,Thiruvallur,252264,Ponneri,5
33,Tamil Nadu,589,Thiruvallur,252278,Poonamallee,5
33,Tamil Nadu,589,Thiruvallur,252271,Pothatturpettai,7
33,Tamil Nadu,589,Thiruvallur,252279,Thirumazhisai,7
33,Tamil Nadu,589,Thiruvallur,252275,Thirunindravur,5
33,Tamil Nadu,589,Thiruvallur,252277,Thiruverkadu,5
33,Tamil Nadu,589,Thiruvallur,252269,Tiruttani,5
33,Tamil Nadu,589,Thiruvallur,252273,Tiruvallur,5
33,Tamil Nadu,589,Thiruvallur,252268,Uthukkottai,7
33,Tamil Nadu,590,Thiruvarur,252804,Kodavasal,7
33,Tamil Nadu,590,Thiruvarur,252810,Koothanallur,5
33,Tamil Nadu,590,Thiruvarur,252805,Koradacheri,7
33,Tamil Nadu,590,Thiruvarur,252811,Mannargudi,5
33,Tamil Nadu,590,Thiruvarur,252813,Muthupet,7
33,Tamil Nadu,590,Thiruvarur,252807,Nannilam,7
33,Tamil Nadu,590,Thiruvarur,252809,Needamangalam,7
33,Tamil Nadu,590,Thiruvarur,252806,Peralam,7
33,Tamil Nadu,590,Thiruvarur,252812,Thiruthuraipoondi,5
33,Tamil Nadu,590,Thiruvarur,252808,Tiruvarur,5
33,Tamil Nadu,590,Thiruvarur,252803,Valangaiman,7
33,Tamil Nadu,594,Thoothukkudi,252977,Alwarthirunagiri,7
33,Tamil Nadu,594,Thoothukkudi,252981,Arumuganeri,7
33,Tamil Nadu,594,Thoothukkudi,252979,Athur,7
33,Tamil Nadu,594,Thoothukkudi,252975,Eral,7
33,Tamil Nadu,594,Thoothukkudi,252966,Ettayapuram,7
33,Tamil Nadu,594,Thoothukkudi,252964,Kadambur,7
33,Tamil Nadu,594,Thoothukkudi,252961,Kalugumalai,7
33,Tamil Nadu,594,Thoothukkudi,252982,Kanam,7
33,Tamil Nadu,594,Thoothukkudi,252980,Kayalpattinam,5
33,Tamil Nadu,594,Thoothukkudi,252965,Kayatharu,7
33,Tamil Nadu,594,Thoothukkudi,252962,Kovilpatti,5
33,Tamil Nadu,594,Thoothukkudi,252983,Nazerath,7
33,Tamil Nadu,594,Thoothukkudi,252974,Perungulam,7
33,Tamil Nadu,594,Thoothukkudi,252986,Sathankulam,7
33,Tamil Nadu,594,Thoothukkudi,252973,Sayapuram,7
33,Tamil Nadu,594,Thoothukkudi,252976,Srivaikuntam,7
33,Tamil Nadu,594,Thoothukkudi,252978,Thenthiruperai,7
33,Tamil Nadu,594,Thoothukkudi,252970,Thoothukudi,4
33,Tamil Nadu,594,Thoothukkudi,252984,Tiruchendur,5
33,Tamil Nadu,594,Thoothukkudi,252985,Udangudi,7
33,Tamil Nadu,594,Thoothukkudi,252967,V. Pudur,7
33,Tamil Nadu,594,Thoothukkudi,252968,Vilathikulam,7
33,Tamil Nadu,591,Tiruchirappalli,252740,Balakrishnampatti,7
33,Tamil Nadu,591,Tiruchirappalli,252744,Kallakudi,7
33,Tamil Nadu,591,Tiruchirappalli,252735,Kattuputhur,7
33,Tamil Nadu,591,Tiruchirappalli,252752,Koothappar,7
33,Tamil Nadu,591,Tiruchirappalli,252747,Lalgudi,5
33,Tamil Nadu,591,Tiruchirappalli,252743,Manachanallur,7
33,Tamil Nadu,591,Tiruchirappalli,252757,Manapparai,5
33,Tamil Nadu,591,Tiruchirappalli,252736,Mettupalayam,7
33,Tamil Nadu,591,Tiruchirappalli,252738,Musiri,5
33,Tamil Nadu,591,Tiruchirappalli,252758,Ponnampatti,7
33,Tamil Nadu,591,Tiruchirappalli,260293,Poovalur,7
33,Tamil Nadu,591,Tiruchirappalli,252745,Pullampadi,7
33,Tamil Nadu,591,Tiruchirappalli,252742,S. Kannanur,7
33,Tamil Nadu,591,Tiruchirappalli,252748,Sirugamani,7
33,Tamil Nadu,591,Tiruchirappalli,252737,Thathaiyangarpet,7
33,Tamil Nadu,591,Tiruchirappalli,252734,Thottiyam,7
33,Tamil Nadu,591,Tiruchirappalli,252741,Thuraiyur,5
33,Tamil Nadu,591,Tiruchirappalli,252754,Thuvakudi,5
33,Tamil Nadu,591,Tiruchirappalli,252749,Tiruchirappalli,4
33,Tamil Nadu,591,Tiruchirappalli,252739,Uppiliapuram,7
33,Tamil Nadu,592,Tirunelveli,253014,Ambasamudram,5
33,Tamil Nadu,592,Tirunelveli,253019,Cheranmahadevi,7
33,Tamil Nadu,592,Tirunelveli,253028,Eruvadi,7
33,Tamil Nadu,592,Tirunelveli,253022,Gopalasamudram,7
33,Tamil Nadu,592,Tirunelveli,300593,Kalakadu,5
33,Tamil Nadu,592,Tirunelveli,253017,Kallidaikurichi,7
33,Tamil Nadu,592,Tirunelveli,253023,Manimutharu,7
33,Tamil Nadu,592,Tirunelveli,253021,Melaseval,7
33,Tamil Nadu,592,Tirunelveli,253024,Moolaikaraipatti,7
33,Tamil Nadu,592,Tirunelveli,253013,Mukkudal,7
33,Tamil Nadu,592,Tirunelveli,253026,Nanguneri,7
33,Tamil Nadu,592,Tirunelveli,253010,Naranammalpuram,7
33,Tamil Nadu,592,Tirunelveli,253031,Panagudi,7
33,Tamil Nadu,592,Tirunelveli,253020,Pathamadai,7
33,Tamil Nadu,592,Tirunelveli,253009,Sankarnagar,7
33,Tamil Nadu,592,Tirunelveli,253027,Thirukarungudi,7
33,Tamil Nadu,592,Tirunelveli,253030,Thisayanvilai,7
33,Tamil Nadu,592,Tirunelveli,253011,Tirunelveli,4
33,Tamil Nadu,592,Tirunelveli,253029,Vadakkuvalliyur,7
33,Tamil Nadu,592,Tirunelveli,253018,Veeravanallur,7
33,Tamil Nadu,592,Tirunelveli,253015,Vikramasingapuram,5
33,Tamil Nadu,732,Tirupathur,252395,Alangayam,7
33,Tamil Nadu,732,Tirupathur,252391,Ambur,5
33,Tamil Nadu,732,Tirupathur,252397,Jolarpet,5
33,Tamil Nadu,732,Tirupathur,252396,Natrampalli,7
33,Tamil Nadu,732,Tirupathur,252398,Thirupathur,5
33,Tamil Nadu,732,Tirupathur,252392,Uthayendram,7
33,Tamil Nadu,732,Tirupathur,252394,Vaniyambadi,5
33,Tamil Nadu,634,Tiruppur,252615,Avinashi,5
33,Tamil Nadu,634,Tiruppur,252593,Chinnakkampalayam,7
33,Tamil Nadu,634,Tiruppur,252688,Dhali,7
33,Tamil Nadu,634,Tiruppur,252592,Dharapuram,5
33,Tamil Nadu,634,Tiruppur,290455,Kangeyam,5
33,Tamil Nadu,634,Tiruppur,252682,Kaniyur,7
33,Tamil Nadu,634,Tiruppur,252705,Kannivadi,7
33,Tamil Nadu,634,Tiruppur,252591,Kolathupalayam,7
33,Tamil Nadu,634,Tiruppur,252687,Komaralingam,7
33,Tamil Nadu,634,Tiruppur,252556,Kunnathur,7
33,Tamil Nadu,634,Tiruppur,252685,Madathukulam,7
33,Tamil Nadu,634,Tiruppur,252590,Mulanur,7
33,Tamil Nadu,634,Tiruppur,252585,Muthur,7
33,Tamil Nadu,634,Tiruppur,252636,Palladam,5
33,Tamil Nadu,634,Tiruppur,252588,Rudravathi,7
33,Tamil Nadu,634,Tiruppur,252630,Samalapuram,7
33,Tamil Nadu,634,Tiruppur,252686,Sankaramanallur,7
33,Tamil Nadu,634,Tiruppur,252616,Thirumuruganpoondi,5
33,Tamil Nadu,634,Tiruppur,252621,Tiruppur,4
33,Tamil Nadu,634,Tiruppur,252683,Udumalpet,5
33,Tamil Nadu,634,Tiruppur,252560,Uthukuli,7
33,Tamil Nadu,634,Tiruppur,252587,Vellakoil,5
33,Tamil Nadu,593,Tiruvannamalai,252422,Arani,5
33,Tamil Nadu,593,Tiruvannamalai,252432,Chengam,5
33,Tamil Nadu,593,Tiruvannamalai,252430,Chetpet,7
33,Tamil Nadu,593,Tiruvannamalai,252427,Desur,7
33,Tamil Nadu,593,Tiruvannamalai,252428,Kalambur,7
33,Tamil Nadu,593,Tiruvannamalai,252420,Kannamangalam,7
33,Tamil Nadu,593,Tiruvannamalai,252433,Kilpennathur,7
33,Tamil Nadu,593,Tiruvannamalai,252425,Peranamallur,7
33,Tamil Nadu,593,Tiruvannamalai,252429,Polur,5
33,Tamil Nadu,593,Tiruvannamalai,252431,Pudupalayam,7
33,Tamil Nadu,593,Tiruvannamalai,252434,Thiruvannamalai,5
33,Tamil Nadu,593,Tiruvannamalai,252424,Thiruvathipuram,5
33,Tamil Nadu,593,Tiruvannamalai,252426,Vandavasi,5
33,Tamil Nadu,593,Tiruvannamalai,252435,Vettavalam,7
33,Tamil Nadu,595,Vellore,252351,Gudiyatham,5
33,Tamil Nadu,595,Vellore,252389,Odugathur,7
33,Tamil Nadu,595,Vellore,252377,Pallikonda,7
33,Tamil Nadu,595,Vellore,252388,Pennathur,7
33,Tamil Nadu,595,Vellore,252350,Pernambut,5
33,Tamil Nadu,595,Vellore,252359,Thiruvalam,7
33,Tamil Nadu,595,Vellore,252381,Vellore,4
33,Tamil Nadu,596,Viluppuram,252437,Ananthapuram,7
33,Tamil Nadu,596,Viluppuram,252445,Arakandanallur,7
33,Tamil Nadu,596,Viluppuram,252436,Gingee,7
33,Tamil Nadu,596,Viluppuram,252440,Kottakuppam,5
33,Tamil Nadu,596,Viluppuram,252439,Marakkanam,7
33,Tamil Nadu,596,Viluppuram,252447,Thiruvennainallur,7
33,Tamil Nadu,596,Viluppuram,252438,Tindivanam,5
33,Tamil Nadu,596,Viluppuram,252443,Valavanur,7
33,Tamil Nadu,596,Viluppuram,252441,Vikravandi,7
33,Tamil Nadu,596,Viluppuram,252442,Villupuram,5
33,Tamil Nadu,597,Virudhunagar,252947,Aruppukkottai,5
33,Tamil Nadu,597,Virudhunagar,252926,Chettiarpatti,7
33,Tamil Nadu,597,Virudhunagar,252945,Kariapatti,7
33,Tamil Nadu,597,Virudhunagar,252946,Mallankinaru,7
33,Tamil Nadu,597,Virudhunagar,252931,Mamsapuram,7
33,Tamil Nadu,597,Virudhunagar,252923,Rajapalayam,5
33,Tamil Nadu,597,Virudhunagar,252928,S.Kodikulam,7
33,Tamil Nadu,597,Virudhunagar,252948,Sattur,5
33,Tamil Nadu,597,Virudhunagar,252924,Seithur,7
33,Tamil Nadu,597,Virudhunagar,252938,Sivakasi,4
33,Tamil Nadu,597,Virudhunagar,252932,Srivilliputhur,5
33,Tamil Nadu,597,Virudhunagar,252930,Sundarapandiam,7
33,Tamil Nadu,597,Virudhunagar,252943,Virudhunagar,5
33,Tamil Nadu,597,Virudhunagar,260678,W.Pudhupatti,7
33,Tamil Nadu,597,Virudhunagar,260677,Watrap,7
36,Telangana,501,Adilabad,248083,Adilabad,5
36,Telangana,690,Bhadradri Kothagudem,302289,Aswaraopeta,5
36,Telangana,690,Bhadradri Kothagudem,248109,Kothagudem,5
36,Telangana,690,Bhadradri Kothagudem,248107,Manugur,5
36,Telangana,690,Bhadradri Kothagudem,248110,Palwancha,5
36,Telangana,690,Bhadradri Kothagudem,248106,Yellandu,5
36,Telangana,686,Hanumakonda,257970,Parkal,5
36,Telangana,686,Hanumakonda,251691,Warangal,4
36,Telangana,507,Hyderabad,305330,Cyberabad Municipal Corporation,4
36,Telangana,507,Hyderabad,251664,Hyderabad,4
36,Telangana,507,Hyderabad,305331,Malkajgiri Municipal Corporation,4
36,Telangana,681,Jagitial,290061,Dharmapuri,5
36,Telangana,681,Jagitial,251651,Jagtial,5
36,Telangana,681,Jagitial,251652,Korutla,5
36,Telangana,681,Jagitial,253104,Metpalli,5
36,Telangana,681,Jagitial,289549,Raikal,5
36,Telangana,689,Jangoan,251690,Jangaon,5
36,Telangana,689,Jangoan,302292,Station Ghanpur,5
36,Telangana,687,Jayashankar Bhupalapally,253291,Bhupalpalle,5
36,Telangana,695,Jogulamba Gadwal,290062,Alampur,5
36,Telangana,695,Jogulamba Gadwal,248103,Gadwal,5
36,Telangana,695,Jogulamba Gadwal,257993,Ieeja,5
36,Telangana,695,Jogulamba Gadwal,290060,Waddepalle,5
36,Telangana,685,Kamareddy,290201,Banswada,5
36,Telangana,685,Kamareddy,302728,Bichkunda,5
36,Telangana,685,Kamareddy,248093,Kamareddy,5
36,Telangana,685,Kamareddy,290067,Yellareddy,5
36,Telangana,508,Karimnagar,290063,Choppandandi,5
36,Telangana,508,Karimnagar,253265,Huzurabad,5
36,Telangana,508,Karimnagar,253266,Jammikunta,5
36,Telangana,508,Karimnagar,251653,Karimnagar,4
36,Telangana,508,Karimnagar,290064,Kothapally,5
36,Telangana,509,Khammam,302293,Edulapuram,5
36,Telangana,509,Khammam,302727,Kalluru,5
36,Telangana,509,Khammam,248105,Khammam,4
36,Telangana,509,Khammam,257876,Madhira,5
36,Telangana,509,Khammam,248108,Sathupally,5
36,Telangana,509,Khammam,290068,Wyra,5
36,Telangana,699,Kumuram Bheem Asifabad,301596,Asifabad,5
36,Telangana,699,Kumuram Bheem Asifabad,248086,Kagaz Nagar,5
36,Telangana,688,Mahabubabad,290069,Dornakal,5
36,Telangana,688,Mahabubabad,302303,Kesamudram,5
36,Telangana,688,Mahabubabad,257971,Mahabubabad,5
36,Telangana,688,Mahabubabad,290070,Maripeda,5
36,Telangana,688,Mahabubabad,290071,Thorrur,5
36,Telangana,512,Mahabubnagar,290073,Bhootpur,5
36,Telangana,512,Mahabubnagar,302291,Devarakadara,5
36,Telangana,512,Mahabubnagar,263216,Jadcherla,5
36,Telangana,512,Mahabubnagar,248101,Mahabubnagar,5
36,Telangana,684,Mancherial,248084,Bellampalli,5
36,Telangana,684,Mancherial,290075,Chennur,5
36,Telangana,684,Mancherial,290076,Kyathanpally,5
36,Telangana,684,Mancherial,290077,Luxettipet,5
36,Telangana,684,Mancherial,248087,Mancherial,5
36,Telangana,684,Mancherial,248088,Mandamarri,5
36,Telangana,684,Mancherial,290147,Naspur,5
36,Telangana,513,Medak,248095,Medak,5
36,Telangana,513,Medak,290080,Narsapur,5
36,Telangana,513,Medak,290078,Ramayampet,5
36,Telangana,513,Medak,290079,Toopran,5
36,Telangana,700,Medchal Malkajgiri,302811,Aliyadbad,5
36,Telangana,700,Medchal Malkajgiri,305330,Cyberabad Municipal Corporation,4
36,Telangana,700,Medchal Malkajgiri,290081,Dammaiguda,5
36,Telangana,700,Medchal Malkajgiri,290154,Dundigal,5
36,Telangana,700,Medchal Malkajgiri,290084,Ghatkesar,5
36,Telangana,700,Medchal Malkajgiri,290085,Gundlapochampally,5
36,Telangana,700,Medchal Malkajgiri,251664,Hyderabad,4
36,Telangana,700,Medchal Malkajgiri,290088,Kompally,5
36,Telangana,700,Medchal Malkajgiri,305331,Malkajgiri Municipal Corporation,4
36,Telangana,700,Medchal Malkajgiri,263222,Medchal,5
36,Telangana,700,Medchal Malkajgiri,302710,Muduchinthalapally,5
36,Telangana,700,Medchal Malkajgiri,290082,Nagaram,5
36,Telangana,700,Medchal Malkajgiri,290083,Pocharam,5
36,Telangana,700,Medchal Malkajgiri,290086,Thumkunta,5
36,Telangana,700,Medchal Malkajgiri,302809,Yellapet,5
36,Telangana,720,Mulugu,302731,Mulugu,5
36,Telangana,694,Nagarkurnool,263214,Achampet,5
36,Telangana,694,Nagarkurnool,258029,Kalwakurthy,5
36,Telangana,694,Nagarkurnool,257989,Kollapur,5
36,Telangana,694,Nagarkurnool,251680,Nagarkurnool,5
36,Telangana,514,Nalgonda,290091,Chandur,5
36,Telangana,514,Nalgonda,290089,Chityal,5
36,Telangana,514,Nalgonda,251686,Devarakonda,5
36,Telangana,514,Nalgonda,290090,Haliya,5
36,Telangana,514,Nalgonda,251689,Miryalaguda,5
36,Telangana,514,Nalgonda,297095,Nakrekal,5
36,Telangana,514,Nalgonda,251685,Nalgonda,5
36,Telangana,721,Narayanpet,290074,Kosgi,5
36,Telangana,721,Narayanpet,302301,Maddur,5
36,Telangana,721,Narayanpet,290072,Makthal,5
36,Telangana,721,Narayanpet,248102,Narayanpet,5
36,Telangana,680,Nirmal,248085,Bhainsa,5
36,Telangana,680,Nirmal,290092,Khanapur,5
36,Telangana,680,Nirmal,248089,Nirmal,5
36,Telangana,516,Nizamabad,248090,Armoor,5
36,Telangana,516,Nizamabad,290093,Bheemgal,5
36,Telangana,516,Nizamabad,248092,Bodhan,5
36,Telangana,516,Nizamabad,248091,Nizamabad,4
36,Telangana,682,Peddapalli,290094,Manthani,5
36,Telangana,682,Peddapalli,253268,Peddapalli,5
36,Telangana,682,Peddapalli,251648,Ramagundam,4
36,Telangana,682,Peddapalli,290095,Sulthanabad,5
36,Telangana,683,Rajanna Sircilla,251654,Sircilla,5
36,Telangana,683,Rajanna Sircilla,253269,Vemulawada,5
36,Telangana,518,Ranga Reddy,290099,Adibatla,5
36,Telangana,518,Ranga Reddy,290104,Amangal,5
36,Telangana,518,Ranga Reddy,257865,Badangpet,4
36,Telangana,518,Ranga Reddy,290098,Bandlaguda Jagir,4
36,Telangana,518,Ranga Reddy,302290,Chevella,5
36,Telangana,518,Ranga Reddy,305330,Cyberabad Municipal Corporation,4
36,Telangana,518,Ranga Reddy,251664,Hyderabad,4
36,Telangana,518,Ranga Reddy,258044,Ibrahimpatnam,5
36,Telangana,518,Ranga Reddy,276409,Jalapally,5
36,Telangana,518,Ranga Reddy,297017,Kothur,5
36,Telangana,518,Ranga Reddy,305331,Malkajgiri Municipal Corporation,4
36,Telangana,518,Ranga Reddy,290096,Manikonda,5
36,Telangana,518,Ranga Reddy,276410,Meerpet,4
36,Telangana,518,Ranga Reddy,302299,Moinabad,5
36,Telangana,518,Ranga Reddy,290097,Narsingi,5
36,Telangana,518,Ranga Reddy,257864,Pedda Amberpet,5
36,Telangana,518,Ranga Reddy,254925,Shadnagar,5
36,Telangana,518,Ranga Reddy,290149,Shamshabad,5
36,Telangana,518,Ranga Reddy,290100,Shankarpally,5
36,Telangana,518,Ranga Reddy,290102,Thukkuguda,5
36,Telangana,518,Ranga Reddy,290150,Turkayamjal,5
36,Telangana,691,Sangareddy,290153,Ameenpur,5
36,Telangana,691,Sangareddy,260558,Andole Jogipet,5
36,Telangana,691,Sangareddy,290151,Bollaram,5
36,Telangana,691,Sangareddy,305330,Cyberabad Municipal Corporation,4
36,Telangana,691,Sangareddy,302294,Gaddapotharam,5
36,Telangana,691,Sangareddy,302324,Gummadidala,5
36,Telangana,691,Sangareddy,251664,Hyderabad,4
36,Telangana,691,Sangareddy,302732,Indresham ,5
36,Telangana,691,Sangareddy,302304,Isnapur,5
36,Telangana,691,Sangareddy,302736,Jinnaram,5
36,Telangana,691,Sangareddy,302302,Kohir,5
36,Telangana,691,Sangareddy,290131,Narayankhed,5
36,Telangana,691,Sangareddy,248098,Sadasivpet,5
36,Telangana,691,Sangareddy,248094,Sangareddy,5
36,Telangana,691,Sangareddy,290152,Tellapur,5
36,Telangana,691,Sangareddy,248097,Zaheerabad,5
36,Telangana,692,Siddipet,290132,Cherial,5
36,Telangana,692,Siddipet,260709,Dubbak,5
36,Telangana,692,Siddipet,254930,Gajwel,5
36,Telangana,692,Siddipet,253267,Husnabad,5
36,Telangana,692,Siddipet,248096,Siddipet,5
36,Telangana,696,Suryapet,253257,Huzurnagar,5
36,Telangana,696,Suryapet,253255,Kodad,5
36,Telangana,696,Suryapet,290133,Nereducharla,5
36,Telangana,696,Suryapet,251684,Suryapet,5
36,Telangana,696,Suryapet,290134,Thirumalagiri,5
36,Telangana,698,Vikarabad,290136,Kodangal,5
36,Telangana,698,Vikarabad,290135,Parigi,5
36,Telangana,698,Vikarabad,248099,Tandur,5
36,Telangana,698,Vikarabad,248100,Vikarabad,5
36,Telangana,693,Wanaparthy,290142,Amarchinta,5
36,Telangana,693,Wanaparthy,290140,Atmakur,5
36,Telangana,693,Wanaparthy,290138,Kothakota,5
36,Telangana,693,Wanaparthy,290139,Pebbair,5
36,Telangana,693,Wanaparthy,248104,Wanaparthy,5
36,Telangana,522,Warangal,253275,Narsampet,5
36,Telangana,522,Warangal,251691,Warangal,4
36,Telangana,522,Warangal,290137,Wardhannapet,5
36,Telangana,697,Yadadri Bhuvanagiri,290144,Alair,5
36,Telangana,697,Yadadri Bhuvanagiri,251682,Bhongir,5
36,Telangana,697,Yadadri Bhuvanagiri,290143,Choutuppal,5
36,Telangana,697,Yadadri Bhuvanagiri,290141,Mothkur,5
36,Telangana,697,Yadadri Bhuvanagiri,257864,Pedda Amberpet,5
36,Telangana,697,Yadadri Bhuvanagiri,290145,Pochamapally,5
36,Telangana,697,Yadadri Bhuvanagiri,290146,Yadagirigutta,5
36,Telangana,,,294879,Nandikonda,5
38,The Dadra And Nagar Haveli And Daman And Diu,465,Dadra And Nagar Haveli,251273,Silvassa,5
38,The Dadra And Nagar Haveli And Daman And Diu,463,Daman,251272,Daman,5
38,The Dadra And Nagar Haveli And Daman And Diu,464,Diu,251271,Diu,5
16,Tripura,269,Dhalai,249802,Ambassa Municipal Council,5
16,Tripura,269,Dhalai,249800,Kamalpur Nagar Panchayat,7
16,Tripura,654,Gomati,249797,Amarpur Nagar Panchayat,7
16,Tripura,654,Gomati,249796,Udaipur Municipal Council,5
16,Tripura,652,Khowai,249783,Khowai Municipal Council,5
16,Tripura,652,Khowai,249784,Teliamura Municipal Council,5
16,Tripura,270,North Tripura,249803,Dharmanagar Municipal Council,5
16,Tripura,270,North Tripura,261688,Panisagar Nagar Panchayat,7
16,Tripura,653,Sepahijala,261690,Bishalgarh Municipal Council,5
16,Tripura,653,Sepahijala,261691,Melaghar Municipal Council,5
16,Tripura,653,Sepahijala,249787,Sonamura Nagar Panchayat,7
16,Tripura,271,South Tripura,249798,Belonia Municipal Council,5
16,Tripura,271,South Tripura,249799,Sabroom Nagar Panchayat,7
16,Tripura,271,South Tripura,261689,Santirbazar Municipal Council,5
16,Tripura,655,Unakoti,249804,Kailashahar Municipal Council,5
16,Tripura,655,Unakoti,249805,Kumarghat Municipal Council,5
16,Tripura,272,West Tripura,249785,Agartala Municipal Corporation,4
16,Tripura,272,West Tripura,261687,Jirania Nagar Panchayat,7
16,Tripura,272,West Tripura,261692,Mohanpur Municipal Council,5
16,Tripura,272,West Tripura,249786,Ranirbazar Municipal Council,5
16,Tripura,,,249794,Badharghat,7
16,Tripura,,,249789,Gandhigram,7
16,Tripura,,,249791,Indranagar,7
16,Tripura,,,249792,Jogendranagar,7
16,Tripura,,,249790,Kunjaban,7
16,Tripura,,,249788,Narsingarh,7
16,Tripura,,,249793,Pratapgarh,7
9,Uttar Pradesh,118,Agra,249066,Achhnera,5
9,Uttar Pradesh,118,Agra,249062,Agra,4
9,Uttar Pradesh,118,Agra,249074,Bah,5
9,Uttar Pradesh,118,Agra,249060,Dayalbagh,7
9,Uttar Pradesh,118,Agra,249059,Etmadpur,5
9,Uttar Pradesh,118,Agra,249072,Fatehabad,7
9,Uttar Pradesh,118,Agra,249068,Fatehpur Sikri,5
9,Uttar Pradesh,118,Agra,249069,Jagner,7
9,Uttar Pradesh,118,Agra,249070,Khairragarh,7
9,Uttar Pradesh,118,Agra,249067,Kiraoli,7
9,Uttar Pradesh,118,Agra,249073,Pinahat,7
9,Uttar Pradesh,118,Agra,249071,Shamsabad,5
9,Uttar Pradesh,118,Agra,249061,Swamibagh,7
9,Uttar Pradesh,119,Aligarh,249025,Aligarh,4
9,Uttar Pradesh,119,Aligarh,249022,Atrauli,5
9,Uttar Pradesh,119,Aligarh,299018,Barauli,7
9,Uttar Pradesh,119,Aligarh,249031,Beswan,7
9,Uttar Pradesh,119,Aligarh,297076,Chandaus,7
9,Uttar Pradesh,119,Aligarh,249023,Chharra Rafatpur,7
9,Uttar Pradesh,119,Aligarh,298115,Gabhana,7
9,Uttar Pradesh,119,Aligarh,249024,Harduaganj,7
9,Uttar Pradesh,119,Aligarh,249030,Iglas,7
9,Uttar Pradesh,119,Aligarh,249026,Jalali,7
9,Uttar Pradesh,119,Aligarh,249019,Jatari,7
9,Uttar Pradesh,119,Aligarh,299023,Jawan Sikandpur,7
9,Uttar Pradesh,119,Aligarh,249027,Kauriaganj,7
9,Uttar Pradesh,119,Aligarh,249020,Khair,5
9,Uttar Pradesh,119,Aligarh,297033,Madrak,7
9,Uttar Pradesh,119,Aligarh,249028,Pilkhana,7
9,Uttar Pradesh,119,Aligarh,297045,Pisawa,7
9,Uttar Pradesh,119,Aligarh,249029,Vijaigarh,7
9,Uttar Pradesh,121,Ambedkar Nagar,249400,Akbarpur,5
9,Uttar Pradesh,121,Ambedkar Nagar,249398,Ashrafpur Kichhauchha,7
9,Uttar Pradesh,121,Ambedkar Nagar,249394,Iltifatganj Bazar,7
9,Uttar Pradesh,121,Ambedkar Nagar,298935,Jahagirganj,7
9,Uttar Pradesh,121,Ambedkar Nagar,249399,Jalalpur,5
9,Uttar Pradesh,121,Ambedkar Nagar,300509,Rajesultanpur,7
9,Uttar Pradesh,121,Ambedkar Nagar,249396,Tanda (Ambedkar Nagar),5
9,Uttar Pradesh,640,Amethi,249402,Amethi(Amethi),7
9,Uttar Pradesh,640,Amethi,276425,Gauriganj,5
9,Uttar Pradesh,640,Amethi,249240,Jais,5
9,Uttar Pradesh,640,Amethi,249401,Musafirkhana,7
9,Uttar Pradesh,154,Amroha,248950,Amroha,5
9,Uttar Pradesh,154,Amroha,248947,Bachhraon,5
9,Uttar Pradesh,154,Amroha,248946,Dhanaura,5
9,Uttar Pradesh,154,Amroha,297027,Gajralua,5
9,Uttar Pradesh,154,Amroha,248952,Hasanpur,5
9,Uttar Pradesh,154,Amroha,248951,Joya,7
9,Uttar Pradesh,154,Amroha,248949,Naugawan Sadat,7
9,Uttar Pradesh,154,Amroha,297714,Said Nagli,7
9,Uttar Pradesh,154,Amroha,248953,Ujhari,7
9,Uttar Pradesh,122,Auraiya,249268,Achhalda,7
9,Uttar Pradesh,122,Auraiya,249270,Atasu,7
9,Uttar Pradesh,122,Auraiya,249273,Auraiya,5
9,Uttar Pradesh,122,Auraiya,249269,Babarpur Ajitmal,7
9,Uttar Pradesh,122,Auraiya,249267,Bidhuna,7
9,Uttar Pradesh,122,Auraiya,249272,Dibiyapur,7
9,Uttar Pradesh,122,Auraiya,249271,Phaphund,7
9,Uttar Pradesh,140,Ayodhya,249391,Ayodhya,4
9,Uttar Pradesh,140,Ayodhya,249389,Bhadarsa,7
9,Uttar Pradesh,140,Ayodhya,249393,Bikapur,7
9,Uttar Pradesh,140,Ayodhya,249392,Gosainganj (Lucknow),7
9,Uttar Pradesh,140,Ayodhya,297756,Khirauni(Suchittaganj),7
9,Uttar Pradesh,140,Ayodhya,297758,Kumarganj,7
9,Uttar Pradesh,140,Ayodhya,300865,Maa Kamakhya,7
9,Uttar Pradesh,140,Ayodhya,249388,Rudauli,5
9,Uttar Pradesh,123,Azamgarh,249468,Atraulia,7
9,Uttar Pradesh,123,Azamgarh,249477,Azamgarh,5
9,Uttar Pradesh,123,Azamgarh,249472,Azmatgarh,7
9,Uttar Pradesh,123,Azamgarh,249470,Bilariaganj,5
9,Uttar Pradesh,123,Azamgarh,297075,Boodhanpur,7
9,Uttar Pradesh,123,Azamgarh,301253,Jahanaganj,7
9,Uttar Pradesh,123,Azamgarh,249471,Jiyanpur,7
9,Uttar Pradesh,123,Azamgarh,249481,Katghar Lalganj,7
9,Uttar Pradesh,123,Azamgarh,249239,Maharajganj(Azamgarh),7
9,Uttar Pradesh,123,Azamgarh,263356,Mahul,7
9,Uttar Pradesh,123,Azamgarh,300510,Martinganj,7
9,Uttar Pradesh,123,Azamgarh,249482,Mehnagar,7
9,Uttar Pradesh,123,Azamgarh,249474,Mubarakpur,5
9,Uttar Pradesh,123,Azamgarh,249478,Nizamabad,7
9,Uttar Pradesh,123,Azamgarh,249480,Phoolpur,7
9,Uttar Pradesh,123,Azamgarh,249479,Sarai Mir,7
9,Uttar Pradesh,124,Baghpat,248974,Agarwal Mandi,7
9,Uttar Pradesh,124,Baghpat,248975,Aminagar Sarai,7
9,Uttar Pradesh,124,Baghpat,248973,Baghpat,5
9,Uttar Pradesh,124,Baghpat,248972,Baraut,5
9,Uttar Pradesh,124,Baghpat,248969,Chhaprauli,7
9,Uttar Pradesh,124,Baghpat,248971,Doghat,7
9,Uttar Pradesh,124,Baghpat,297023,Khekada,5
9,Uttar Pradesh,124,Baghpat,297820,Rataul,7
9,Uttar Pradesh,124,Baghpat,248970,Tikri,7
9,Uttar Pradesh,125,Bahraich,249410,Bahraich,5
9,Uttar Pradesh,125,Bahraich,249411,Jarwal,7
9,Uttar Pradesh,125,Bahraich,299017,Kaisharganj,7
9,Uttar Pradesh,125,Bahraich,300930,Mihinpurwa,7
9,Uttar Pradesh,125,Bahraich,249408,Nanpara,5
9,Uttar Pradesh,125,Bahraich,297070,Payagpur,7
9,Uttar Pradesh,125,Bahraich,249409,Risia Bazar,7
9,Uttar Pradesh,125,Bahraich,300511,Rupaideeha,7
9,Uttar Pradesh,126,Ballia,277185,Bairia,7
9,Uttar Pradesh,126,Ballia,249497,Ballia,5
9,Uttar Pradesh,126,Ballia,249498,Bansdih,7
9,Uttar Pradesh,126,Ballia,249492,Belthara Road,7
9,Uttar Pradesh,126,Ballia,249496,Chitbara Gaon,7
9,Uttar Pradesh,126,Ballia,249494,Maniyar,7
9,Uttar Pradesh,126,Ballia,297083,Nagra,7
9,Uttar Pradesh,126,Ballia,249495,Rasra,5
9,Uttar Pradesh,126,Ballia,297861,Ratsar Kala,7
9,Uttar Pradesh,126,Ballia,249500,Reoti,7
9,Uttar Pradesh,126,Ballia,249499,Sahatwar,7
9,Uttar Pradesh,126,Ballia,249493,Sikanderpur (Ballia),7
9,Uttar Pradesh,127,Balrampur,249414,Balrampur,5
9,Uttar Pradesh,127,Balrampur,300512,Gaisari,7
9,Uttar Pradesh,127,Balrampur,249416,Pachperwa,7
9,Uttar Pradesh,127,Balrampur,249415,Tulsipur,7
9,Uttar Pradesh,127,Balrampur,249417,Utraula,5
9,Uttar Pradesh,128,Banda,249339,Atarra,5
9,Uttar Pradesh,128,Banda,249336,Baberu,7
9,Uttar Pradesh,128,Banda,249334,Banda,5
9,Uttar Pradesh,128,Banda,249338,Bisanda Buzurg,7
9,Uttar Pradesh,128,Banda,249333,Mataundh,7
9,Uttar Pradesh,128,Banda,249340,Naraini,7
9,Uttar Pradesh,128,Banda,249337,Oran,7
9,Uttar Pradesh,128,Banda,249335,Tindwari,7
9,Uttar Pradesh,129,Bara Banki,249380,Banki,7
9,Uttar Pradesh,129,Bara Banki,277186,Belhara,7
9,Uttar Pradesh,129,Bara Banki,249385,Dariyabad,7
9,Uttar Pradesh,129,Bara Banki,249378,Dewa,7
9,Uttar Pradesh,129,Bara Banki,249376,Fatehpur(Barabanki),7
9,Uttar Pradesh,129,Bara Banki,249387,Haidergarh,7
9,Uttar Pradesh,129,Bara Banki,301389,Nawabganj (Bara Banki),5
9,Uttar Pradesh,129,Bara Banki,299081,Ram Sanehi Ghat,7
9,Uttar Pradesh,129,Bara Banki,249377,Ramnagar,7
9,Uttar Pradesh,129,Bara Banki,249381,Satrikh,7
9,Uttar Pradesh,129,Bara Banki,249386,Siddhaur,7
9,Uttar Pradesh,129,Bara Banki,253131,Subeha,7
9,Uttar Pradesh,129,Bara Banki,249384,Tikait Nagar,7
9,Uttar Pradesh,129,Bara Banki,249382,Zaidpur,7
9,Uttar Pradesh,130,Bareilly,249145,Aonla,5
9,Uttar Pradesh,130,Bareilly,249135,Bahedi,5
9,Uttar Pradesh,130,Bareilly,249149,Bareilly,4
9,Uttar Pradesh,130,Bareilly,249144,Bisharatganj,7
9,Uttar Pradesh,130,Bareilly,249138,Deoranian,7
9,Uttar Pradesh,130,Bareilly,249147,Dhaura Tanda,7
9,Uttar Pradesh,130,Bareilly,249156,Faridpur,5
9,Uttar Pradesh,130,Bareilly,249136,Faridpur(Bareilly),7
9,Uttar Pradesh,130,Bareilly,249142,Fatehganj Pashchimi,7
9,Uttar Pradesh,130,Bareilly,249155,Fatehganj Purvi,7
9,Uttar Pradesh,130,Bareilly,249141,Mirganj,7
9,Uttar Pradesh,130,Bareilly,249154,Nawabganj(Bareilly),5
9,Uttar Pradesh,130,Bareilly,249137,Richha,7
9,Uttar Pradesh,130,Bareilly,249152,Rithora,7
9,Uttar Pradesh,130,Bareilly,249153,Sainthal,7
9,Uttar Pradesh,130,Bareilly,249143,Shahi,7
9,Uttar Pradesh,130,Bareilly,249139,Shergarh,7
9,Uttar Pradesh,130,Bareilly,249140,Shishgarh,7
9,Uttar Pradesh,130,Bareilly,249146,Sirauli,7
9,Uttar Pradesh,130,Bareilly,249151,Thiriya Nizamat Khan,7
9,Uttar Pradesh,131,Basti,297073,Babhnan Bazar,7
9,Uttar Pradesh,131,Basti,289237,Bankti,7
9,Uttar Pradesh,131,Basti,249430,Basti,5
9,Uttar Pradesh,131,Basti,297060,Bhanpur Kaswa,7
9,Uttar Pradesh,131,Basti,297066,Gaayghat,7
9,Uttar Pradesh,131,Basti,297031,Ganeshpur,7
9,Uttar Pradesh,131,Basti,249429,Harraiya,7
9,Uttar Pradesh,131,Basti,298096,Kaptanganj Basti,7
9,Uttar Pradesh,131,Basti,298093,Munderwa,7
9,Uttar Pradesh,131,Basti,298095,Nagar Bazar,7
9,Uttar Pradesh,131,Basti,263359,Rudhauli Bazar,7
9,Uttar Pradesh,179,Bhadohi,249535,Bhadohi,5
9,Uttar Pradesh,179,Bhadohi,249539,Ghosia Bazar,7
9,Uttar Pradesh,179,Bhadohi,249537,Gopi Ganj,5
9,Uttar Pradesh,179,Bhadohi,249536,Gyanpur,7
9,Uttar Pradesh,179,Bhadohi,249538,Khamaria,7
9,Uttar Pradesh,179,Bhadohi,249534,Nai Bazar,7
9,Uttar Pradesh,179,Bhadohi,249533,Suriyawan,7
9,Uttar Pradesh,132,Bijnor,248917,Afzalgarh,5
9,Uttar Pradesh,132,Bijnor,248910,Bijnor,5
9,Uttar Pradesh,132,Bijnor,248924,Chandpur,5
9,Uttar Pradesh,132,Bijnor,248919,Dhampur,5
9,Uttar Pradesh,132,Bijnor,248914,Haldaur,5
9,Uttar Pradesh,132,Bijnor,248892,Jalalabad(Bijnor),7
9,Uttar Pradesh,132,Bijnor,248907,Jalalabad(Shamli),7
9,Uttar Pradesh,132,Bijnor,248913,Jhalu,7
9,Uttar Pradesh,132,Bijnor,248908,Kiratpur,5
9,Uttar Pradesh,132,Bijnor,248909,Mandawar,7
9,Uttar Pradesh,132,Bijnor,248915,Nagina,5
9,Uttar Pradesh,132,Bijnor,248905,Najibabad,5
9,Uttar Pradesh,132,Bijnor,248920,Nehtaur,5
9,Uttar Pradesh,132,Bijnor,248923,Noorpur,5
9,Uttar Pradesh,132,Bijnor,248904,Sahanpur,7
9,Uttar Pradesh,132,Bijnor,248922,Sahaspur,7
9,Uttar Pradesh,132,Bijnor,248921,Seohara,5
9,Uttar Pradesh,132,Bijnor,248918,Sherkot,5
9,Uttar Pradesh,132,Bijnor,248916,Warhapur,7
9,Uttar Pradesh,133,Budaun,249131,Allapur,7
9,Uttar Pradesh,133,Budaun,249122,Bilsi,5
9,Uttar Pradesh,133,Budaun,249118,Bisauli,5
9,Uttar Pradesh,133,Budaun,249126,Budaun,5
9,Uttar Pradesh,133,Budaun,297063,Dahagwan,7
9,Uttar Pradesh,133,Budaun,297026,Dataganj,5
9,Uttar Pradesh,133,Budaun,249116,Faizganj,7
9,Uttar Pradesh,133,Budaun,249128,Gulariya,7
9,Uttar Pradesh,133,Budaun,249115,Islamnagar,7
9,Uttar Pradesh,133,Budaun,249124,Kachhla,7
9,Uttar Pradesh,133,Budaun,249130,Kakrala,5
9,Uttar Pradesh,133,Budaun,249127,Kunwargaon,7
9,Uttar Pradesh,133,Budaun,249117,Mundia,7
9,Uttar Pradesh,133,Budaun,249121,Rudayan,7
9,Uttar Pradesh,133,Budaun,249123,Sahaswan,5
9,Uttar Pradesh,133,Budaun,249119,Saidpur(Badaun),7
9,Uttar Pradesh,133,Budaun,249129,Sakhanu,7
9,Uttar Pradesh,133,Budaun,249125,Ujhani,5
9,Uttar Pradesh,133,Budaun,249133,Usawan,7
9,Uttar Pradesh,133,Budaun,249134,Usehat,7
9,Uttar Pradesh,133,Budaun,249120,Wazirganj,7
9,Uttar Pradesh,134,Bulandshahr,249011,Anupshahr,5
9,Uttar Pradesh,134,Bulandshahr,249004,Aurangabad,7
9,Uttar Pradesh,134,Bulandshahr,249007,Bhawan Bahadur Nagar,7
9,Uttar Pradesh,134,Bulandshahr,249009,Bugrasi,7
9,Uttar Pradesh,134,Bulandshahr,249005,Bulandshahr,5
9,Uttar Pradesh,134,Bulandshahr,249017,Chhatari,7
9,Uttar Pradesh,134,Bulandshahr,249013,Debai,5
9,Uttar Pradesh,134,Bulandshahr,249006,Gulaothi,5
9,Uttar Pradesh,134,Bulandshahr,249012,Jahangirabad,5
9,Uttar Pradesh,134,Bulandshahr,248999,Kakod,7
9,Uttar Pradesh,134,Bulandshahr,249010,Khanpur,7
9,Uttar Pradesh,134,Bulandshahr,249018,Khurja,5
9,Uttar Pradesh,134,Bulandshahr,249014,Naraura,7
9,Uttar Pradesh,134,Bulandshahr,249016,Pahasu,7
9,Uttar Pradesh,134,Bulandshahr,249015,Shikarpur,5
9,Uttar Pradesh,134,Bulandshahr,249008,Siana,5
9,Uttar Pradesh,134,Bulandshahr,249003,Sikandrabad,5
9,Uttar Pradesh,134,Bulandshahr,274822,Yeida,6
9,Uttar Pradesh,135,Chandauli,249522,Chakia,7
9,Uttar Pradesh,135,Chandauli,249520,Chandauli,7
9,Uttar Pradesh,135,Chandauli,249518,Pt Deen Dayal Nagar(Mughalsarai),5
9,Uttar Pradesh,135,Chandauli,301243,Pt. Deen Dayal Upadhyaya Nagar,6
9,Uttar Pradesh,135,Chandauli,249521,Saiyad Raja,7
9,Uttar Pradesh,136,Chitrakoot,249342,Chitrakoot Dham - Karwi,5
9,Uttar Pradesh,136,Chitrakoot,249341,Manikpur Sarhat (Chitrakoot),7
9,Uttar Pradesh,136,Chitrakoot,299010,Mau Mustkil,7
9,Uttar Pradesh,136,Chitrakoot,249343,Rajapur,7
9,Uttar Pradesh,137,Deoria,249463,Badhani Bazar,7
9,Uttar Pradesh,137,Deoria,300768,Baitalpur,7
9,Uttar Pradesh,137,Deoria,281989,Bariyarpur,7
9,Uttar Pradesh,137,Deoria,300729,Bhaluani,7
9,Uttar Pradesh,137,Deoria,249467,Bhatpar Rani,7
9,Uttar Pradesh,137,Deoria,249460,Deoria,5
9,Uttar Pradesh,137,Deoria,249462,Gaura Barhaj,5
9,Uttar Pradesh,137,Deoria,249458,Gauri Bazar,7
9,Uttar Pradesh,137,Deoria,300779,Hetimpur,7
9,Uttar Pradesh,137,Deoria,249466,Lar,7
9,Uttar Pradesh,137,Deoria,300789,Madanpur,7
9,Uttar Pradesh,137,Deoria,249464,Majhauliraj,7
9,Uttar Pradesh,137,Deoria,300782,Pathardewa,7
9,Uttar Pradesh,137,Deoria,249459,Rampur Karkhana,7
9,Uttar Pradesh,137,Deoria,249461,Rudrapur,7
9,Uttar Pradesh,137,Deoria,249465,Salempur,7
9,Uttar Pradesh,137,Deoria,300807,Tarkulwa,7
9,Uttar Pradesh,138,Etah,249095,Aliganj,5
9,Uttar Pradesh,138,Etah,249102,Awagarh,7
9,Uttar Pradesh,138,Etah,249098,Etah,5
9,Uttar Pradesh,138,Etah,249096,Jaithara,7
9,Uttar Pradesh,138,Etah,249101,Jalesar,5
9,Uttar Pradesh,138,Etah,249099,Marehra,5
9,Uttar Pradesh,138,Etah,300713,Mirhachi,7
9,Uttar Pradesh,138,Etah,249100,Nidhauli Kalan,7
9,Uttar Pradesh,138,Etah,249094,Raja Ka Rampur,7
9,Uttar Pradesh,138,Etah,249097,Sakit,7
9,Uttar Pradesh,139,Etawah,249265,Bakewar,7
9,Uttar Pradesh,139,Etawah,249264,Bharthana,5
9,Uttar Pradesh,139,Etawah,249263,Ekdil,7
9,Uttar Pradesh,139,Etawah,249262,Etawah,5
9,Uttar Pradesh,139,Etawah,249261,Jaswantnagar,5
9,Uttar Pradesh,139,Etawah,249266,Lakhna,7
9,Uttar Pradesh,141,Farrukhabad,249250,Farrukhabad,5
9,Uttar Pradesh,141,Farrukhabad,249248,Kaimganj,5
9,Uttar Pradesh,141,Farrukhabad,249252,Kamalganj,7
9,Uttar Pradesh,141,Farrukhabad,249247,Kampil,7
9,Uttar Pradesh,141,Farrukhabad,300652,Khimsepur,7
9,Uttar Pradesh,141,Farrukhabad,249490,Mohammadabad (Farrukhabad),7
9,Uttar Pradesh,141,Farrukhabad,297735,Nawabganj,7
9,Uttar Pradesh,141,Farrukhabad,300651,Sankisa Basantpur,7
9,Uttar Pradesh,141,Farrukhabad,297032,Shamshabad,7
9,Uttar Pradesh,142,Fatehpur,297623,Asothar,7
9,Uttar Pradesh,142,Fatehpur,249346,Bahuwa,7
9,Uttar Pradesh,142,Fatehpur,249345,Bindki,5
9,Uttar Pradesh,142,Fatehpur,249347,Fatehpur(Fatehpur),5
9,Uttar Pradesh,142,Fatehpur,253113,Hathgam,7
9,Uttar Pradesh,142,Fatehpur,300833,Karikan Dhata,7
9,Uttar Pradesh,142,Fatehpur,249348,Khaga,7
9,Uttar Pradesh,142,Fatehpur,300839,Khakhareru,7
9,Uttar Pradesh,142,Fatehpur,249349,Kishunpur,7
9,Uttar Pradesh,142,Fatehpur,249344,Kora Jahanabad,7
9,Uttar Pradesh,143,Firozabad,277188,Eka,7
9,Uttar Pradesh,143,Firozabad,249080,Fariha,7
9,Uttar Pradesh,143,Firozabad,249079,Firozabad,4
9,Uttar Pradesh,143,Firozabad,249081,Jasrana,7
9,Uttar Pradesh,143,Firozabad,297081,Makkhanpur,7
9,Uttar Pradesh,143,Firozabad,249082,Shikohabad,5
9,Uttar Pradesh,143,Firozabad,249083,Sirsaganj,5
9,Uttar Pradesh,143,Firozabad,249075,Tundla,5
9,Uttar Pradesh,144,Gautam Buddha Nagar,248997,Bilaspur,7
9,Uttar Pradesh,144,Gautam Buddha Nagar,248996,Dadri,5
9,Uttar Pradesh,144,Gautam Buddha Nagar,248998,Dankaur,7
9,Uttar Pradesh,144,Gautam Buddha Nagar,274823,Gnida,6
9,Uttar Pradesh,144,Gautam Buddha Nagar,249001,Jahangirpur,7
9,Uttar Pradesh,144,Gautam Buddha Nagar,249002,Jewar,7
9,Uttar Pradesh,144,Gautam Buddha Nagar,301210,Noida,6
9,Uttar Pradesh,144,Gautam Buddha Nagar,249000,Rabupura,7
9,Uttar Pradesh,144,Gautam Buddha Nagar,274822,Yeida,6
9,Uttar Pradesh,145,Ghaziabad,248989,Dasna,7
9,Uttar Pradesh,145,Ghaziabad,248982,Faridnagar,7
9,Uttar Pradesh,145,Ghaziabad,248988,Ghaziabad,4
9,Uttar Pradesh,145,Ghaziabad,274820,Khoda Makanpur,5
9,Uttar Pradesh,145,Ghaziabad,248985,Loni,5
9,Uttar Pradesh,145,Ghaziabad,248981,Modinagar,5
9,Uttar Pradesh,145,Ghaziabad,248983,Muradnagar,5
9,Uttar Pradesh,145,Ghaziabad,248978,Niwari,7
9,Uttar Pradesh,145,Ghaziabad,248977,Patla,7
9,Uttar Pradesh,146,Ghazipur,249513,Bahadurganj,7
9,Uttar Pradesh,146,Ghazipur,249515,Dildarnagar Fatehpur Bazar,7
9,Uttar Pradesh,146,Ghazipur,249512,Ghazipur,5
9,Uttar Pradesh,146,Ghazipur,249511,Jangipur,7
9,Uttar Pradesh,146,Ghazipur,249514,Mohammadabad(Gazipur),5
9,Uttar Pradesh,146,Ghazipur,249509,Sadat,7
9,Uttar Pradesh,146,Ghazipur,249510,Saidpur(Gazipur),7
9,Uttar Pradesh,146,Ghazipur,249516,Zamania,5
9,Uttar Pradesh,147,Gonda,301014,Belsar,7
9,Uttar Pradesh,147,Gonda,249421,Colonelganj,5
9,Uttar Pradesh,147,Gonda,301016,Dhanepur,7
9,Uttar Pradesh,147,Gonda,249419,Gonda,5
9,Uttar Pradesh,147,Gonda,249420,Katra Bazar,7
9,Uttar Pradesh,147,Gonda,249418,Khargupur,7
9,Uttar Pradesh,147,Gonda,249423,Mankapur,7
9,Uttar Pradesh,147,Gonda,249422,Nawabganj(Gonda),5
9,Uttar Pradesh,147,Gonda,301245,Paraspur,7
9,Uttar Pradesh,147,Gonda,301012,Tarabganj,7
9,Uttar Pradesh,148,Gorakhpur,249448,Bansgaon,7
9,Uttar Pradesh,148,Gorakhpur,249450,Barhalganj,7
9,Uttar Pradesh,148,Gorakhpur,297029,Campierganj,7
9,Uttar Pradesh,148,Gorakhpur,300750,Ghaghsarabazar,7
9,Uttar Pradesh,148,Gorakhpur,249449,Gola Bazar,7
9,Uttar Pradesh,148,Gorakhpur,249444,Gorakhpur,4
9,Uttar Pradesh,148,Gorakhpur,297495,Kasba Sangrampur Urf Unwal,7
9,Uttar Pradesh,148,Gorakhpur,249447,Mundera Bazar,7
9,Uttar Pradesh,148,Gorakhpur,249442,Pipiganj,7
9,Uttar Pradesh,148,Gorakhpur,249446,Pipraich,7
9,Uttar Pradesh,148,Gorakhpur,249443,Sahjanwa,7
9,Uttar Pradesh,148,Gorakhpur,300721,Uruwa Bazar,7
9,Uttar Pradesh,149,Hamirpur,249325,Gohand,7
9,Uttar Pradesh,149,Hamirpur,249322,Hamirpur,5
9,Uttar Pradesh,149,Hamirpur,249321,Kurara,7
9,Uttar Pradesh,149,Hamirpur,249327,Maudaha,5
9,Uttar Pradesh,149,Hamirpur,249326,Rath,5
9,Uttar Pradesh,149,Hamirpur,249324,Sarila,7
9,Uttar Pradesh,149,Hamirpur,249323,Sumerpur,7
9,Uttar Pradesh,661,Hapur,248992,Babugarh,7
9,Uttar Pradesh,661,Hapur,248993,Garhmukteshwar,5
9,Uttar Pradesh,661,Hapur,248991,Hapur,5
9,Uttar Pradesh,661,Hapur,248990,Pilkhuwa,5
9,Uttar Pradesh,150,Hardoi,249208,Beniganj,7
9,Uttar Pradesh,150,Hardoi,249203,Bilgram,5
9,Uttar Pradesh,150,Hardoi,249200,Gopamau,7
9,Uttar Pradesh,150,Hardoi,249201,Hardoi,5
9,Uttar Pradesh,150,Hardoi,249207,Kachhauna Patseni,7
9,Uttar Pradesh,150,Hardoi,249206,Kursath (Unnao),7
9,Uttar Pradesh,150,Hardoi,249204,Madhoganj,7
9,Uttar Pradesh,150,Hardoi,249205,Mallawan,5
9,Uttar Pradesh,150,Hardoi,249199,Pali (Hardoi),7
9,Uttar Pradesh,150,Hardoi,249198,Pihani,5
9,Uttar Pradesh,150,Hardoi,249202,Sandi,5
9,Uttar Pradesh,150,Hardoi,249209,Sandila,5
9,Uttar Pradesh,150,Hardoi,249197,Shahabad,5
9,Uttar Pradesh,163,Hathras,249035,Hasayan,7
9,Uttar Pradesh,163,Hathras,249037,Hathras,5
9,Uttar Pradesh,163,Hathras,249036,Mendu,7
9,Uttar Pradesh,163,Hathras,249038,Mursan,7
9,Uttar Pradesh,163,Hathras,249034,Purdilnagar,7
9,Uttar Pradesh,163,Hathras,249039,Sadabad,7
9,Uttar Pradesh,163,Hathras,249040,Sahpau,7
9,Uttar Pradesh,163,Hathras,249032,Sasni,7
9,Uttar Pradesh,163,Hathras,249033,Sikandra Rao,5
9,Uttar Pradesh,151,Jalaun,297055,Ait,7
9,Uttar Pradesh,151,Jalaun,249294,Jalaun,5
9,Uttar Pradesh,151,Jalaun,249296,Kadaura,7
9,Uttar Pradesh,151,Jalaun,249295,Kalpi,5
9,Uttar Pradesh,151,Jalaun,249299,Konch,5
9,Uttar Pradesh,151,Jalaun,249298,Kotra,7
9,Uttar Pradesh,151,Jalaun,249293,Madhogarh,7
9,Uttar Pradesh,151,Jalaun,249300,Nadigaon,7
9,Uttar Pradesh,151,Jalaun,249297,Orai,5
9,Uttar Pradesh,151,Jalaun,249291,Rampura,7
9,Uttar Pradesh,151,Jalaun,249292,Umri,7
9,Uttar Pradesh,152,Jaunpur,263358,Badlapur,7
9,Uttar Pradesh,152,Jaunpur,297034,Gaurabadshahpur,7
9,Uttar Pradesh,152,Jaunpur,249505,Jaunpur,5
9,Uttar Pradesh,152,Jaunpur,297068,Kachgaon,7
9,Uttar Pradesh,152,Jaunpur,249508,Kerakat,7
9,Uttar Pradesh,152,Jaunpur,249502,Kheta Sarai,7
9,Uttar Pradesh,152,Jaunpur,249504,Machhlishahr,7
9,Uttar Pradesh,152,Jaunpur,249507,Mariahu,7
9,Uttar Pradesh,152,Jaunpur,249503,Mungra Badshahpur,5
9,Uttar Pradesh,152,Jaunpur,297088,Rampur (Jaunpur),7
9,Uttar Pradesh,152,Jaunpur,249501,Shahganj,5
9,Uttar Pradesh,152,Jaunpur,297091,Zafrabad,7
9,Uttar Pradesh,153,Jhansi,249313,Bada Gaon,7
9,Uttar Pradesh,153,Jhansi,249311,Barua Sagar,5
9,Uttar Pradesh,153,Jhansi,249303,Chirgaon,5
9,Uttar Pradesh,153,Jhansi,249304,Erich,7
9,Uttar Pradesh,153,Jhansi,249306,Garautha,7
9,Uttar Pradesh,153,Jhansi,249305,Gursarai,5
9,Uttar Pradesh,153,Jhansi,249314,Jhansi,4
9,Uttar Pradesh,153,Jhansi,301241,Jhansi Railway Settlement,6
9,Uttar Pradesh,153,Jhansi,249310,Kathera,7
9,Uttar Pradesh,153,Jhansi,249308,Mauranipur,5
9,Uttar Pradesh,153,Jhansi,249302,Moth,7
9,Uttar Pradesh,153,Jhansi,249309,Ranipur,7
9,Uttar Pradesh,153,Jhansi,249301,Samthar,5
9,Uttar Pradesh,153,Jhansi,249307,Tondi Fatehpur,7
9,Uttar Pradesh,155,Kannauj,249256,Chhibramau,5
9,Uttar Pradesh,155,Kannauj,249254,Gursahaiganj,5
9,Uttar Pradesh,155,Kannauj,249259,Kannauj,5
9,Uttar Pradesh,155,Kannauj,249253,Samdhan,7
9,Uttar Pradesh,155,Kannauj,249257,Saurikh,7
9,Uttar Pradesh,155,Kannauj,249255,Sikanderpur (Kannauj),7
9,Uttar Pradesh,155,Kannauj,249258,Talgram,7
9,Uttar Pradesh,155,Kannauj,249260,Tirwaganj,7
9,Uttar Pradesh,156,Kanpur Dehat,249277,Akbarpur,7
9,Uttar Pradesh,156,Kanpur Dehat,263353,Amraudhaa,7
9,Uttar Pradesh,156,Kanpur Dehat,263348,Derapur,7
9,Uttar Pradesh,156,Kanpur Dehat,263354,Jhinjhak,5
9,Uttar Pradesh,156,Kanpur Dehat,297864,Kanchausi,7
9,Uttar Pradesh,156,Kanpur Dehat,297651,Musanagar,7
9,Uttar Pradesh,156,Kanpur Dehat,249279,Pukhrayan,5
9,Uttar Pradesh,156,Kanpur Dehat,297037,Rajpur,7
9,Uttar Pradesh,156,Kanpur Dehat,297089,Raniya,7
9,Uttar Pradesh,156,Kanpur Dehat,263352,Rasulabaad(Kanpur Dehat),7
9,Uttar Pradesh,156,Kanpur Dehat,249276,Rura,7
9,Uttar Pradesh,156,Kanpur Dehat,249275,Shivli,7
9,Uttar Pradesh,156,Kanpur Dehat,263355,Sikandara,7
9,Uttar Pradesh,157,Kanpur Nagar,249282,Bilhaur,5
9,Uttar Pradesh,157,Kanpur Nagar,249285,Bithoor,7
9,Uttar Pradesh,157,Kanpur Nagar,249290,Ghatampur,5
9,Uttar Pradesh,157,Kanpur Nagar,249286,Kanpur,4
9,Uttar Pradesh,157,Kanpur Nagar,249283,Shivrajpur,7
9,Uttar Pradesh,633,Kasganj,249088,Amanpur,7
9,Uttar Pradesh,633,Kasganj,249093,Bhargain,7
9,Uttar Pradesh,633,Kasganj,249085,Bilram,7
9,Uttar Pradesh,633,Kasganj,249090,Ganj Dundwara,5
9,Uttar Pradesh,633,Kasganj,249086,Kaasganj,5
9,Uttar Pradesh,633,Kasganj,249089,Mohanpur,7
9,Uttar Pradesh,633,Kasganj,249091,Patiyali,7
9,Uttar Pradesh,633,Kasganj,249087,Sahawar,7
9,Uttar Pradesh,633,Kasganj,249092,Sidhpura,7
9,Uttar Pradesh,633,Kasganj,249084,Soron,5
9,Uttar Pradesh,158,Kaushambi,249357,Ajhuwa,7
9,Uttar Pradesh,158,Kaushambi,249361,Bharwari(Kaushambi),5
9,Uttar Pradesh,158,Kaushambi,249362,Chail,7
9,Uttar Pradesh,158,Kaushambi,299009,Charwa,7
9,Uttar Pradesh,158,Kaushambi,297064,Daranagar,7
9,Uttar Pradesh,158,Kaushambi,249360,Karari,7
9,Uttar Pradesh,158,Kaushambi,249359,Manjhanpur,5
9,Uttar Pradesh,158,Kaushambi,297086,Poorav Pashchim Shareera,7
9,Uttar Pradesh,158,Kaushambi,249363,Sarai Aquil,7
9,Uttar Pradesh,158,Kaushambi,249358,Sirathu,7
9,Uttar Pradesh,159,Kheri,249181,Barbar,7
9,Uttar Pradesh,159,Kheri,300719,Bhira,7
9,Uttar Pradesh,159,Kheri,249185,Dhaurahara,7
9,Uttar Pradesh,159,Kheri,249179,Gola Gokarannath,5
9,Uttar Pradesh,159,Kheri,249183,Kheri,7
9,Uttar Pradesh,159,Kheri,249182,Lakhimpur,5
9,Uttar Pradesh,159,Kheri,249178,Mailani,7
9,Uttar Pradesh,159,Kheri,249180,Mohammadi,5
9,Uttar Pradesh,159,Kheri,297085,Nighasan,7
9,Uttar Pradesh,159,Kheri,249184,Oel Dhakwa,7
9,Uttar Pradesh,159,Kheri,249176,Palia Kalan,5
9,Uttar Pradesh,159,Kheri,249177,Singahi Bhiraura,7
9,Uttar Pradesh,160,Kushinagar,297077,Chhitauni,7
9,Uttar Pradesh,160,Kushinagar,297078,Duddhi,7
9,Uttar Pradesh,160,Kushinagar,297065,Fazilnagar,7
9,Uttar Pradesh,160,Kushinagar,297020,Hata,5
9,Uttar Pradesh,160,Kushinagar,249454,Kaptanganj,7
9,Uttar Pradesh,160,Kushinagar,249451,Khadda,7
9,Uttar Pradesh,160,Kushinagar,297024,Kushinagar,5
9,Uttar Pradesh,160,Kushinagar,300705,Mathauli,7
9,Uttar Pradesh,160,Kushinagar,249452,Padrauna,5
9,Uttar Pradesh,160,Kushinagar,249453,Ramkola,7
9,Uttar Pradesh,160,Kushinagar,249457,Sewarhi,7
9,Uttar Pradesh,160,Kushinagar,249412,Sukrauli,7
9,Uttar Pradesh,160,Kushinagar,297036,Tamkuhi Raj,7
9,Uttar Pradesh,161,Lalitpur,249318,Lalitpur,5
9,Uttar Pradesh,161,Lalitpur,249320,Mahroni,7
9,Uttar Pradesh,161,Lalitpur,249319,Pali (Lalitpur),7
9,Uttar Pradesh,161,Lalitpur,249317,Talbehat,7
9,Uttar Pradesh,162,Lucknow,249236,Amethi(Lucknow),7
9,Uttar Pradesh,162,Lucknow,297048,Banthra,7
9,Uttar Pradesh,162,Lucknow,263351,Bkt,7
9,Uttar Pradesh,162,Lucknow,249235,Gosainganj (Ayodhya),7
9,Uttar Pradesh,162,Lucknow,249232,Itaunja,7
9,Uttar Pradesh,162,Lucknow,249233,Kakori,7
9,Uttar Pradesh,162,Lucknow,249234,Lucknow,4
9,Uttar Pradesh,162,Lucknow,249231,Mahona,7
9,Uttar Pradesh,162,Lucknow,249230,Malihabad,7
9,Uttar Pradesh,162,Lucknow,297039,Mohanlalganj,7
9,Uttar Pradesh,162,Lucknow,249237,Nagram,7
9,Uttar Pradesh,165,Mahoba,249330,Charkhari,5
9,Uttar Pradesh,165,Mahoba,249332,Kabrai,7
9,Uttar Pradesh,165,Mahoba,249329,Kharela,7
9,Uttar Pradesh,165,Mahoba,249328,Kulpahar,7
9,Uttar Pradesh,165,Mahoba,249331,Mahoba,5
9,Uttar Pradesh,164,Mahrajganj,249439,Anandnagar,7
9,Uttar Pradesh,164,Mahrajganj,297062,Brijmanganj,7
9,Uttar Pradesh,164,Mahrajganj,298915,Chauk,7
9,Uttar Pradesh,164,Mahrajganj,249440,Ghughuli,7
9,Uttar Pradesh,164,Mahrajganj,249441,Maharajganj,5
9,Uttar Pradesh,164,Mahrajganj,249436,Nautanwa,5
9,Uttar Pradesh,164,Mahrajganj,249437,Nichlaul,7
9,Uttar Pradesh,164,Mahrajganj,297041,Paniyara,7
9,Uttar Pradesh,164,Mahrajganj,297040,Partawal,7
9,Uttar Pradesh,164,Mahrajganj,249438,Siswa Bazar,5
9,Uttar Pradesh,164,Mahrajganj,277139,Sonauli,7
9,Uttar Pradesh,166,Mainpuri,297058,Barnahal,7
9,Uttar Pradesh,166,Mainpuri,249109,Bewar,7
9,Uttar Pradesh,166,Mainpuri,249108,Bhogaon,7
9,Uttar Pradesh,166,Mainpuri,249105,Ghiraur,7
9,Uttar Pradesh,166,Mainpuri,249104,Jyoti Khuria,7
9,Uttar Pradesh,166,Mainpuri,249107,Karhal,7
9,Uttar Pradesh,166,Mainpuri,249111,Kishni,7
9,Uttar Pradesh,166,Mainpuri,249103,Kuraoli,7
9,Uttar Pradesh,166,Mainpuri,249110,Kusmara,7
9,Uttar Pradesh,166,Mainpuri,249106,Mainpuri,5
9,Uttar Pradesh,167,Mathura,249046,Bajna,7
9,Uttar Pradesh,167,Mathura,249057,Baldeo,7
9,Uttar Pradesh,167,Mathura,249043,Barsana,7
9,Uttar Pradesh,167,Mathura,249045,Chaumuha,7
9,Uttar Pradesh,167,Mathura,249044,Chhata,7
9,Uttar Pradesh,167,Mathura,249058,Farah,7
9,Uttar Pradesh,167,Mathura,249055,Gokul,7
9,Uttar Pradesh,167,Mathura,249050,Govardhan,7
9,Uttar Pradesh,167,Mathura,249041,Kosi Kalan,5
9,Uttar Pradesh,167,Mathura,249056,Mahaban,7
9,Uttar Pradesh,167,Mathura,249052,Mathura-Vrindavan,4
9,Uttar Pradesh,167,Mathura,249042,Nandgaon,7
9,Uttar Pradesh,167,Mathura,249049,Radhakund,7
9,Uttar Pradesh,167,Mathura,249047,Raya,7
9,Uttar Pradesh,167,Mathura,249051,Saunkh,7
9,Uttar Pradesh,168,Mau,249487,Adari,7
9,Uttar Pradesh,168,Mau,249484,Amila,7
9,Uttar Pradesh,168,Mau,277189,Chirayakot,7
9,Uttar Pradesh,168,Mau,249483,Dohrighat,7
9,Uttar Pradesh,168,Mau,249485,Ghosi,7
9,Uttar Pradesh,168,Mau,249486,Kopaganj,7
9,Uttar Pradesh,168,Mau,299071,Kurthijafarpur,7
9,Uttar Pradesh,168,Mau,301254,Madhuban,7
9,Uttar Pradesh,168,Mau,249488,Maunath Bhanjan,5
9,Uttar Pradesh,168,Mau,249251,Mohammadabad Gohna,7
9,Uttar Pradesh,168,Mau,270654,Walidpur,7
9,Uttar Pradesh,169,Meerut,248959,Bahsuma,7
9,Uttar Pradesh,169,Meerut,248956,Daurala,7
9,Uttar Pradesh,169,Meerut,301364,Harra,7
9,Uttar Pradesh,169,Meerut,248960,Hastinapur,7
9,Uttar Pradesh,169,Meerut,248954,Karnawal,7
9,Uttar Pradesh,169,Meerut,248968,Kharkhoda,7
9,Uttar Pradesh,169,Meerut,297079,Khiwai,7
9,Uttar Pradesh,169,Meerut,248963,Kithaur,7
9,Uttar Pradesh,169,Meerut,248957,Lawar,7
9,Uttar Pradesh,169,Meerut,248961,Mawana,5
9,Uttar Pradesh,169,Meerut,248964,Meerut,4
9,Uttar Pradesh,169,Meerut,248962,Parikshitgarh,7
9,Uttar Pradesh,169,Meerut,248958,Phalauda,7
9,Uttar Pradesh,169,Meerut,248955,Sardhana,5
9,Uttar Pradesh,169,Meerut,248967,Sewalkhas,7
9,Uttar Pradesh,169,Meerut,301349,Shahjaganpur,7
9,Uttar Pradesh,170,Mirzapur,249545,Ahraura,5
9,Uttar Pradesh,170,Mirzapur,249543,Chunar,5
9,Uttar Pradesh,170,Mirzapur,249542,Kachhwa,7
9,Uttar Pradesh,170,Mirzapur,249540,Mirzapur-Cum-Vindhyachal,5
9,Uttar Pradesh,171,Moradabad,297071,Agawanpur,7
9,Uttar Pradesh,171,Moradabad,248928,Bhojpur Dharampur,7
9,Uttar Pradesh,171,Moradabad,248931,Bilari,5
9,Uttar Pradesh,171,Moradabad,290251,Dhakia,7
9,Uttar Pradesh,171,Moradabad,248926,Kanth(Moradabad),7
9,Uttar Pradesh,171,Moradabad,248930,Kundarki,7
9,Uttar Pradesh,171,Moradabad,299027,Mahmoodpur Mafi,7
9,Uttar Pradesh,171,Moradabad,248929,Moradabad,4
9,Uttar Pradesh,171,Moradabad,290250,Pakbara,7
9,Uttar Pradesh,171,Moradabad,248925,Thakurdwara,5
9,Uttar Pradesh,171,Moradabad,248927,Umri Kalan,7
9,Uttar Pradesh,172,Muzaffarnagar,248902,Bhokarhedi,7
9,Uttar Pradesh,172,Muzaffarnagar,248897,Budhana,7
9,Uttar Pradesh,172,Muzaffarnagar,248894,Charthaval,7
9,Uttar Pradesh,172,Muzaffarnagar,248901,Jansath,7
9,Uttar Pradesh,172,Muzaffarnagar,248899,Khatauli,5
9,Uttar Pradesh,172,Muzaffarnagar,248903,Meerapur,7
9,Uttar Pradesh,172,Muzaffarnagar,248895,Muzaffarnagar,5
9,Uttar Pradesh,172,Muzaffarnagar,248893,Purquazi,7
9,Uttar Pradesh,172,Muzaffarnagar,248898,Shahpur,7
9,Uttar Pradesh,172,Muzaffarnagar,248896,Sisauli,7
9,Uttar Pradesh,173,Pilibhit,249161,Barkhera,7
9,Uttar Pradesh,173,Pilibhit,249163,Bilsanda,7
9,Uttar Pradesh,173,Pilibhit,249162,Bisalpur,5
9,Uttar Pradesh,173,Pilibhit,249157,Gularia Bhindara,7
9,Uttar Pradesh,173,Pilibhit,249159,Jahanabad,7
9,Uttar Pradesh,173,Pilibhit,249164,Kalinagar,7
9,Uttar Pradesh,173,Pilibhit,249158,Nyoria Husainpur,7
9,Uttar Pradesh,173,Pilibhit,297046,Pakadia Naugawa,7
9,Uttar Pradesh,173,Pilibhit,249160,Pilibhit,5
9,Uttar Pradesh,173,Pilibhit,249165,Puranpur,5
9,Uttar Pradesh,174,Pratapgarh,249352,Antu,7
9,Uttar Pradesh,174,Pratapgarh,249353,Belha,5
9,Uttar Pradesh,174,Pratapgarh,300772,Derva(Pratapgarh),7
9,Uttar Pradesh,174,Pratapgarh,299013,Dhakwa (Pratapgarh),7
9,Uttar Pradesh,174,Pratapgarh,300693,Garwara,7
9,Uttar Pradesh,174,Pratapgarh,300707,Heeraganj Bazaar,7
9,Uttar Pradesh,174,Pratapgarh,300776,Katra Gulab Singh,7
9,Uttar Pradesh,174,Pratapgarh,249355,Katra Medniganj,7
9,Uttar Pradesh,174,Pratapgarh,297042,Kohdaur,7
9,Uttar Pradesh,174,Pratapgarh,249351,Kunda,7
9,Uttar Pradesh,174,Pratapgarh,249242,Lalganj,7
9,Uttar Pradesh,174,Pratapgarh,300774,Mandhata(Pratapgarh),7
9,Uttar Pradesh,174,Pratapgarh,249350,Manikpur(Pratapgarh),7
9,Uttar Pradesh,174,Pratapgarh,249356,Patti,7
9,Uttar Pradesh,174,Pratapgarh,249354,Pratapgarh City,7
9,Uttar Pradesh,174,Pratapgarh,297087,Prithviganj,7
9,Uttar Pradesh,174,Pratapgarh,299012,Ramganj (Pratapgarh),7
9,Uttar Pradesh,174,Pratapgarh,277192,Raniganj,7
9,Uttar Pradesh,174,Pratapgarh,297054,Suwansa Bazar,7
9,Uttar Pradesh,120,Prayagraj,249374,Bharatganj,7
9,Uttar Pradesh,120,Prayagraj,249372,Handia,7
9,Uttar Pradesh,120,Prayagraj,249375,Koraon,7
9,Uttar Pradesh,120,Prayagraj,249365,Lal Gopal Ganj,7
9,Uttar Pradesh,120,Prayagraj,249364,Mau Aima,7
9,Uttar Pradesh,120,Prayagraj,249368,Phulpur,7
9,Uttar Pradesh,120,Prayagraj,249369,Prayagraj,4
9,Uttar Pradesh,120,Prayagraj,249370,Shankargarh,7
9,Uttar Pradesh,120,Prayagraj,249373,Sirsa,7
9,Uttar Pradesh,175,Rae Bareli,249238,Bachhrawan,7
9,Uttar Pradesh,175,Rae Bareli,249243,Dalmau,7
9,Uttar Pradesh,175,Rae Bareli,277531,Laalganj,7
9,Uttar Pradesh,175,Rae Bareli,249469,Maharajganj(Raibareilly),7
9,Uttar Pradesh,175,Rae Bareli,297084,Nasirabad,7
9,Uttar Pradesh,175,Rae Bareli,249245,Parsadepur,7
9,Uttar Pradesh,175,Rae Bareli,249241,Rae Bareli,5
9,Uttar Pradesh,175,Rae Bareli,249246,Salon,7
9,Uttar Pradesh,175,Rae Bareli,300739,Shivgarh,7
9,Uttar Pradesh,175,Rae Bareli,249244,Unchahar,7
9,Uttar Pradesh,176,Rampur,248941,Bilaspur,5
9,Uttar Pradesh,176,Rampur,299069,Dadiyal,7
9,Uttar Pradesh,176,Rampur,248942,Kemri,7
9,Uttar Pradesh,176,Rampur,248938,Maswasi,7
9,Uttar Pradesh,176,Rampur,248945,Milak,5
9,Uttar Pradesh,176,Rampur,297047,Narpat Nagar Doondawala,7
9,Uttar Pradesh,176,Rampur,248943,Rampur,5
9,Uttar Pradesh,176,Rampur,297090,Saifani,7
9,Uttar Pradesh,176,Rampur,248944,Shahbad,7
9,Uttar Pradesh,176,Rampur,248939,Suar,5
9,Uttar Pradesh,176,Rampur,248940,Tanda,5
9,Uttar Pradesh,177,Saharanpur,248877,Ambehta,7
9,Uttar Pradesh,177,Saharanpur,248870,Behat,7
9,Uttar Pradesh,177,Saharanpur,296986,Chhutmalpura,7
9,Uttar Pradesh,177,Saharanpur,248882,Deoband,5
9,Uttar Pradesh,177,Saharanpur,248878,Gangoh,5
9,Uttar Pradesh,177,Saharanpur,248876,Nakur,5
9,Uttar Pradesh,177,Saharanpur,248880,Nanauta,7
9,Uttar Pradesh,177,Saharanpur,248881,Rampur Maniharan,7
9,Uttar Pradesh,177,Saharanpur,248873,Saharanpur,4
9,Uttar Pradesh,177,Saharanpur,248875,Sarsawan,5
9,Uttar Pradesh,177,Saharanpur,248874,Sultanpur Chilkana,7
9,Uttar Pradesh,177,Saharanpur,248879,Titron,7
9,Uttar Pradesh,659,Sambhal,263350,Babralaa,7
9,Uttar Pradesh,659,Sambhal,248935,Bahjoi,5
9,Uttar Pradesh,659,Sambhal,248937,Chandausi,5
9,Uttar Pradesh,659,Sambhal,249112,Gawan,7
9,Uttar Pradesh,659,Sambhal,249114,Gunnaur,7
9,Uttar Pradesh,659,Sambhal,248936,Narauli,7
9,Uttar Pradesh,659,Sambhal,248934,Sambhal,5
9,Uttar Pradesh,659,Sambhal,248933,Sirsi,7
9,Uttar Pradesh,178,Sant Kabir Nagar,297053,Baghnagar Urf Bakhira,7
9,Uttar Pradesh,178,Sant Kabir Nagar,297059,Belhar Kala,7
9,Uttar Pradesh,178,Sant Kabir Nagar,301363,Dharamsinghwa,7
9,Uttar Pradesh,178,Sant Kabir Nagar,300532,Hainsar Bazar Dhanghata,7
9,Uttar Pradesh,178,Sant Kabir Nagar,249435,Hariharpur,7
9,Uttar Pradesh,178,Sant Kabir Nagar,249433,Khalilabad,5
9,Uttar Pradesh,178,Sant Kabir Nagar,249434,Maghar,7
9,Uttar Pradesh,178,Sant Kabir Nagar,249431,Mehdawal,7
9,Uttar Pradesh,180,Shahjahanpur,249175,Allahganj,7
9,Uttar Pradesh,180,Shahjahanpur,297057,Banda,7
9,Uttar Pradesh,180,Shahjahanpur,249174,Jalalabad,5
9,Uttar Pradesh,180,Shahjahanpur,297807,Kalan,7
9,Uttar Pradesh,180,Shahjahanpur,249173,Kanth(Shahjhanpur),7
9,Uttar Pradesh,180,Shahjahanpur,249169,Katra,7
9,Uttar Pradesh,180,Shahjahanpur,249168,Khudaganj,7
9,Uttar Pradesh,180,Shahjahanpur,249166,Khutar,7
9,Uttar Pradesh,180,Shahjahanpur,297049,Nigohi,7
9,Uttar Pradesh,180,Shahjahanpur,249167,Powayan,5
9,Uttar Pradesh,180,Shahjahanpur,297802,Shahjahanpur,4
9,Uttar Pradesh,180,Shahjahanpur,249170,Tilhar,5
9,Uttar Pradesh,660,Shamli,248887,Ailum,7
9,Uttar Pradesh,660,Shamli,248889,Banat,7
9,Uttar Pradesh,660,Shamli,248890,Garhi Pukhta,7
9,Uttar Pradesh,660,Shamli,248884,Jhinjhana,7
9,Uttar Pradesh,660,Shamli,248885,Kairana,5
9,Uttar Pradesh,660,Shamli,248886,Kandhla,5
9,Uttar Pradesh,660,Shamli,248888,Shamli,5
9,Uttar Pradesh,660,Shamli,248891,Thana Bhawan,7
9,Uttar Pradesh,660,Shamli,248883,Unn,7
9,Uttar Pradesh,181,Shrawasti,297025,Bhinga,5
9,Uttar Pradesh,181,Shrawasti,249413,Ikauna,7
9,Uttar Pradesh,182,Siddharthnagar,249428,Baansi,5
9,Uttar Pradesh,182,Siddharthnagar,297056,Badhani Chafa,7
9,Uttar Pradesh,182,Siddharthnagar,301390,Barhni Bazar,7
9,Uttar Pradesh,182,Siddharthnagar,297061,Bharatbhari,7
9,Uttar Pradesh,182,Siddharthnagar,297050,Biskohar,7
9,Uttar Pradesh,182,Siddharthnagar,248145,Domariyaganj,7
9,Uttar Pradesh,182,Siddharthnagar,297067,Itwa,7
9,Uttar Pradesh,182,Siddharthnagar,297051,Kapilavastu,7
9,Uttar Pradesh,182,Siddharthnagar,249426,Shohratgarh,7
9,Uttar Pradesh,182,Siddharthnagar,249427,Siddharth Nagar (Tetri Bazar),5
9,Uttar Pradesh,182,Siddharthnagar,257826,Uska Bazar,7
9,Uttar Pradesh,183,Sitapur,249193,Biswan,5
9,Uttar Pradesh,183,Sitapur,249190,Hargaon,7
9,Uttar Pradesh,183,Sitapur,249188,Khairabad,5
9,Uttar Pradesh,183,Sitapur,249191,Laharpur,5
9,Uttar Pradesh,183,Sitapur,249194,Mahmudabad,5
9,Uttar Pradesh,183,Sitapur,249186,Maholi,7
9,Uttar Pradesh,183,Sitapur,249187,Misrikh Cum Neemsar,5
9,Uttar Pradesh,183,Sitapur,249195,Paintepur,7
9,Uttar Pradesh,183,Sitapur,249196,Sidhauli,7
9,Uttar Pradesh,183,Sitapur,249189,Sitapur,5
9,Uttar Pradesh,183,Sitapur,249192,Tambaur Cum Ahmadabad,7
9,Uttar Pradesh,184,Sonbhadra,299053,Anpara,7
9,Uttar Pradesh,184,Sonbhadra,249549,Chopan,7
9,Uttar Pradesh,184,Sonbhadra,249548,Chukradhumra,7
9,Uttar Pradesh,184,Sonbhadra,297044,Dala Bazar,7
9,Uttar Pradesh,184,Sonbhadra,249551,Dudhi,7
9,Uttar Pradesh,184,Sonbhadra,249546,Ghorawal,7
9,Uttar Pradesh,184,Sonbhadra,301249,Grasim Industries Ltd,6
9,Uttar Pradesh,184,Sonbhadra,301244,Hindalco Industries Ltd. Renukoot,6
9,Uttar Pradesh,184,Sonbhadra,249550,Obra,7
9,Uttar Pradesh,184,Sonbhadra,249553,Pipri,7
9,Uttar Pradesh,184,Sonbhadra,249552,Renukoot,7
9,Uttar Pradesh,184,Sonbhadra,249547,Robertsganj,5
9,Uttar Pradesh,185,Sultanpur,249406,Dostpur,7
9,Uttar Pradesh,185,Sultanpur,249407,Kadipur,7
9,Uttar Pradesh,185,Sultanpur,249405,Koeripur,7
9,Uttar Pradesh,185,Sultanpur,297038,Lambhua,7
9,Uttar Pradesh,185,Sultanpur,249404,Sultanpur,5
9,Uttar Pradesh,186,Unnao,297922,Achal Ganj,7
9,Uttar Pradesh,186,Unnao,249217,Auras,7
9,Uttar Pradesh,186,Unnao,249212,Bangarmau,5
9,Uttar Pradesh,186,Unnao,249229,Bhagwant Nagar,7
9,Uttar Pradesh,186,Unnao,249228,Bighapur,7
9,Uttar Pradesh,186,Unnao,249213,Fatehpur Chaurasi,7
9,Uttar Pradesh,186,Unnao,297022,Gangaghat,5
9,Uttar Pradesh,186,Unnao,249211,Ganj Muradabad,7
9,Uttar Pradesh,186,Unnao,249218,Hyderabad,7
9,Uttar Pradesh,186,Unnao,249216,Kursath (Hardoi),7
9,Uttar Pradesh,186,Unnao,249227,Maurawan,7
9,Uttar Pradesh,186,Unnao,249220,Mohan,7
9,Uttar Pradesh,186,Unnao,249222,Nawabganj (Unnao),7
9,Uttar Pradesh,186,Unnao,249221,Nyotini,7
9,Uttar Pradesh,186,Unnao,249226,Purwa,7
9,Uttar Pradesh,186,Unnao,249219,Rasulabaad(Unnao),7
9,Uttar Pradesh,186,Unnao,249215,Safipur,7
9,Uttar Pradesh,186,Unnao,249214,Ugu,7
9,Uttar Pradesh,186,Unnao,249223,Unnao,5
9,Uttar Pradesh,187,Varanasi,301242,Banaras Locomotive Works,6
9,Uttar Pradesh,187,Varanasi,249524,Gangapur,7
9,Uttar Pradesh,187,Varanasi,249531,Varanasi,4
5,Uttarakhand,45,Almora,248449,Almora,4
5,Uttarakhand,45,Almora,274457,Bhikiyasain,7
5,Uttarakhand,45,Almora,277163,Chamiyala,7
5,Uttarakhand,45,Almora,297128,Chaukhutiya,7
5,Uttarakhand,45,Almora,248448,Dwarahat,7
5,Uttarakhand,45,Almora,277190,Ranikhet Chiliyanaula,5
5,Uttarakhand,46,Bageshwar,248447,Bageshwar,5
5,Uttarakhand,46,Bageshwar,299525,Garud,7
5,Uttarakhand,46,Bageshwar,248485,Haridwar,4
5,Uttarakhand,46,Bageshwar,259921,Kapkot,7
5,Uttarakhand,47,Chamoli,248412,Badrinathpuri,7
5,Uttarakhand,47,Chamoli,248414,Chamoli Gopeshwar,5
5,Uttarakhand,47,Chamoli,260112,Gairsain,7
5,Uttarakhand,47,Chamoli,248416,Gochar,5
5,Uttarakhand,47,Chamoli,248413,Joshimath,5
5,Uttarakhand,47,Chamoli,248417,Karnaprayag,5
5,Uttarakhand,47,Chamoli,301882,Nandanagar,7
5,Uttarakhand,47,Chamoli,248415,Nandprayag,7
5,Uttarakhand,47,Chamoli,276459,Pipalkoti,7
5,Uttarakhand,47,Chamoli,259820,Pokhari,7
5,Uttarakhand,48,Champawat,262922,Banbasa,7
5,Uttarakhand,48,Champawat,248451,Champawat,5
5,Uttarakhand,48,Champawat,248450,Lohaghat,5
5,Uttarakhand,48,Champawat,301877,Pati,7
5,Uttarakhand,48,Champawat,248452,Tanakpur,5
5,Uttarakhand,49,Dehradun,248430,Dehradun,4
5,Uttarakhand,49,Dehradun,248433,Doiwala,5
5,Uttarakhand,49,Dehradun,248428,Herbertpur,5
5,Uttarakhand,49,Dehradun,248458,Kaladhungi,5
5,Uttarakhand,49,Dehradun,248477,Khatima,5
5,Uttarakhand,49,Dehradun,248429,Mussoorie,5
5,Uttarakhand,49,Dehradun,248457,Ramnagar,5
5,Uttarakhand,49,Dehradun,248434,Rishikesh,4
5,Uttarakhand,49,Dehradun,275633,Selaqui(Central Hope Town),7
5,Uttarakhand,49,Dehradun,248427,Vikasnagar,5
5,Uttarakhand,50,Haridwar,262847,Bhagwanpur,7
5,Uttarakhand,50,Haridwar,299524,Dhandera,7
5,Uttarakhand,50,Haridwar,248485,Haridwar,4
5,Uttarakhand,50,Haridwar,300431,Imlikhera,7
5,Uttarakhand,50,Haridwar,248481,Jhabrera,7
5,Uttarakhand,50,Haridwar,248486,Laksar,5
5,Uttarakhand,50,Haridwar,248483,Landhaura,7
5,Uttarakhand,50,Haridwar,248482,Manglaur,5
5,Uttarakhand,50,Haridwar,299749,Padali Gurjar,7
5,Uttarakhand,50,Haridwar,275670,Piran Kaliyar,7
5,Uttarakhand,50,Haridwar,299529,Rampur,7
5,Uttarakhand,50,Haridwar,248478,Roorkee,4
5,Uttarakhand,50,Haridwar,262858,Shivalik Nagar,5
5,Uttarakhand,50,Haridwar,300592,Sultanpur-Adampur,7
5,Uttarakhand,51,Nainital,248456,Bhimtal,5
5,Uttarakhand,51,Nainital,248455,Bhowali,5
5,Uttarakhand,51,Nainital,248459,Haldwani-Cumkathgodam,4
5,Uttarakhand,51,Nainital,248458,Kaladhungi,5
5,Uttarakhand,51,Nainital,248460,Lalkuan,7
5,Uttarakhand,51,Nainital,248457,Ramnagar,5
5,Uttarakhand,52,Pauri Garhwal,248440,Dogadda,5
5,Uttarakhand,52,Pauri Garhwal,248441,Kanvnagri Kotdwar,4
5,Uttarakhand,52,Pauri Garhwal,248438,Pauri,5
5,Uttarakhand,52,Pauri Garhwal,262882,Satpuli,7
5,Uttarakhand,52,Pauri Garhwal,248437,Srinagar,4
5,Uttarakhand,52,Pauri Garhwal,262843,Swargashram Jonk,7
5,Uttarakhand,52,Pauri Garhwal,299532,Thalisain,7
5,Uttarakhand,53,Pithoragarh,259826,Berinag,5
5,Uttarakhand,53,Pithoragarh,248444,Dharchula,5
5,Uttarakhand,53,Pithoragarh,248445,Didihat,5
5,Uttarakhand,53,Pithoragarh,262883,Gangolihat,5
5,Uttarakhand,53,Pithoragarh,301879,Munsyari,7
5,Uttarakhand,53,Pithoragarh,248446,Pithoragarh,4
5,Uttarakhand,54,Rudraprayag,262902,Augustmuni,7
5,Uttarakhand,54,Rudraprayag,301881,Guptkashi,7
5,Uttarakhand,54,Rudraprayag,248418,Kedarnath,7
5,Uttarakhand,54,Rudraprayag,248419,Rudraprayag,5
5,Uttarakhand,54,Rudraprayag,276616,Tilwara,7
5,Uttarakhand,55,Tehri Garhwal,248423,Chamba,5
5,Uttarakhand,55,Tehri Garhwal,277163,Chamiyala,7
5,Uttarakhand,55,Tehri Garhwal,248421,Devprayag,5
5,Uttarakhand,55,Tehri Garhwal,277164,Gaja,7
5,Uttarakhand,55,Tehri Garhwal,262832,Ghansali,7
5,Uttarakhand,55,Tehri Garhwal,248420,Kirtinagar,7
5,Uttarakhand,55,Tehri Garhwal,248426,Munikireti-Dhalwala,5
5,Uttarakhand,55,Tehri Garhwal,248424,Narendranagar,5
5,Uttarakhand,55,Tehri Garhwal,299531,Tapovan,7
5,Uttarakhand,55,Tehri Garhwal,248422,Tehri,5
5,Uttarakhand,56,Udham Singh Nagar,248467,Bajpur,5
5,Uttarakhand,56,Udham Singh Nagar,248469,Gadarpur,5
5,Uttarakhand,56,Udham Singh Nagar,301880,Garhinegi,7
5,Uttarakhand,56,Udham Singh Nagar,277162,Gularbhoj,7
5,Uttarakhand,56,Udham Singh Nagar,248462,Jaspur,5
5,Uttarakhand,56,Udham Singh Nagar,248463,Kashipur,4
5,Uttarakhand,56,Udham Singh Nagar,248468,Kela Khera,7
5,Uttarakhand,56,Udham Singh Nagar,248477,Khatima,5
5,Uttarakhand,56,Udham Singh Nagar,248474,Kichha,5
5,Uttarakhand,56,Udham Singh Nagar,299527,Lalpur,7
5,Uttarakhand,56,Udham Singh Nagar,248461,Mahua Dabra Haripura,7
5,Uttarakhand,56,Udham Singh Nagar,248465,Mahua Kheraganj,5
5,Uttarakhand,56,Udham Singh Nagar,299528,Nagla,5
5,Uttarakhand,56,Udham Singh Nagar,275661,Nanakmatta,7
5,Uttarakhand,56,Udham Singh Nagar,248471,Rudrapur,4
5,Uttarakhand,56,Udham Singh Nagar,248475,Shaktigarh,7
5,Uttarakhand,56,Udham Singh Nagar,305322,Sirauli Kalan,5
5,Uttarakhand,56,Udham Singh Nagar,248476,Sitarganj,5
5,Uttarakhand,57,Uttarkashi,248410,Barahat-Uttarkashi,5
5,Uttarakhand,57,Uttarkashi,248409,Barkot,5
5,Uttarakhand,57,Uttarkashi,262842,Chiniyalisaur,5
5,Uttarakhand,57,Uttarkashi,248411,Gangotri,7
5,Uttarakhand,57,Uttarkashi,274461,Naugaon,7
5,Uttarakhand,57,Uttarkashi,262841,Purola,5
5,Uttarakhand,,,248470,Dineshpur,7
5,Uttarakhand,,,277183,Lambgaon,7
5,Uttarakhand,,,248466,Sultanpur,7
5,Uttarakhand,,,275665,Tharali,7
5,Uttarakhand,,,262901,Ukhimath,7
19,West Bengal,664,Alipurduar,249958,Alipurduar,5
19,West Bengal,664,Alipurduar,299774,Falakata,5
19,West Bengal,305,Bankura,250209,Bankura,5
19,West Bengal,305,Bankura,250210,Bishnupur,5
19,West Bengal,305,Bankura,250208,Sonamukhi,5
19,West Bengal,307,Birbhum,250028,Bolpur,5
19,West Bengal,307,Birbhum,250027,Dubrajpur,5
19,West Bengal,307,Birbhum,253250,Nalhati,5
19,West Bengal,307,Birbhum,250024,Rampurhat,5
19,West Bengal,307,Birbhum,250025,Sainthia,5
19,West Bengal,307,Birbhum,250026,Suri,5
19,West Bengal,308,Cooch Behar,249975,Cooch Behar,5
19,West Bengal,308,Cooch Behar,249977,Dinhata,5
19,West Bengal,308,Cooch Behar,249972,Haldibari,5
19,West Bengal,308,Cooch Behar,249974,Mathabhanga,5
19,West Bengal,308,Cooch Behar,249973,Mekliganj,5
19,West Bengal,308,Cooch Behar,249976,Tufanganj,5
19,West Bengal,310,Dakshin Dinajpur,249989,Balurghat,5
19,West Bengal,310,Dakshin Dinajpur,289244,Buniadpur,5
19,West Bengal,310,Dakshin Dinajpur,249988,Gangarampore,5
19,West Bengal,309,Darjeeling,249946,Darjeeling,5
19,West Bengal,309,Darjeeling,249949,Kurseong,5
19,West Bengal,309,Darjeeling,249948,Mirik,6
19,West Bengal,309,Darjeeling,249957,Siliguri,4
19,West Bengal,312,Hooghly,250168,Arambag,5
19,West Bengal,312,Hooghly,250175,Baidyabati,5
19,West Bengal,312,Hooghly,250170,Bansberia,5
19,West Bengal,312,Hooghly,250173,Bhadreswar,5
19,West Bengal,312,Hooghly,250174,Champdany,5
19,West Bengal,312,Hooghly,250172,Chandannagar,4
19,West Bengal,312,Hooghly,298972,Dankuni,5
19,West Bengal,312,Hooghly,250171,Hooghly Chinsurah,5
19,West Bengal,312,Hooghly,250178,Konnagar,5
19,West Bengal,312,Hooghly,250177,Rishra,5
19,West Bengal,312,Hooghly,250176,Serampore,5
19,West Bengal,312,Hooghly,250169,Tarakeswar,5
19,West Bengal,312,Hooghly,250179,Uttarpara Kotrung,5
19,West Bengal,313,Howrah,250246,Bally,5
19,West Bengal,313,Howrah,250247,Howrah,4
19,West Bengal,313,Howrah,250248,Uluberia,5
19,West Bengal,314,Jalpaiguri,249970,Dhupguri,5
19,West Bengal,314,Jalpaiguri,249956,Jalpaiguri,5
19,West Bengal,314,Jalpaiguri,249955,Mal,5
19,West Bengal,314,Jalpaiguri,301103,Maynaguri,5
19,West Bengal,314,Jalpaiguri,249957,Siliguri,4
19,West Bengal,703,Jhargram,,,
19,West Bengal,702,Kalimpong,249947,Kalimpong,5
19,West Bengal,315,Kolkata,250299,Kolkata,4
19,West Bengal,316,Malda,249991,English Bazar,5
19,West Bengal,316,Malda,249990,Old Malda,5
19,West Bengal,319,Murshidabad,250001,Beldanga,5
19,West Bengal,319,Murshidabad,249999,Berhampore,5
19,West Bengal,319,Murshidabad,249995,Dhulian,5
19,West Bengal,319,Murshidabad,273007,Domkal,5
19,West Bengal,319,Murshidabad,249996,Jangipur,5
19,West Bengal,319,Murshidabad,249997,Jiaganj Azimganj,5
19,West Bengal,319,Murshidabad,250000,Kandi,5
19,West Bengal,319,Murshidabad,249998,Murshidabad,5
19,West Bengal,320,Nadia,250100,Birnagar,5
19,West Bengal,320,Nadia,250103,Chakdaha,5
19,West Bengal,320,Nadia,250102,Cooper S Camp,6
19,West Bengal,320,Nadia,250105,Gayeshpur,5
19,West Bengal,320,Nadia,273006,Haringhata,5
19,West Bengal,320,Nadia,250104,Kalyani,5
19,West Bengal,320,Nadia,250096,Krishnanagar,5
19,West Bengal,320,Nadia,250097,Nabadwip,5
19,West Bengal,320,Nadia,250101,Ranaghat,5
19,West Bengal,320,Nadia,250099,Santipur,5
19,West Bengal,320,Nadia,250098,Taherpur,6
19,West Bengal,303,North 24 Parganas,250128,Ashokenagar Kalyangarh,5
19,West Bengal,303,North 24 Parganas,250134,Baduria,5
19,West Bengal,303,North 24 Parganas,250141,Baranagar,5
19,West Bengal,303,North 24 Parganas,250135,Barasat,5
19,West Bengal,303,North 24 Parganas,250132,Barrackpur,5
19,West Bengal,303,North 24 Parganas,250147,Basirhat,5
19,West Bengal,303,North 24 Parganas,250125,Bhatpara,5
19,West Bengal,303,North 24 Parganas,250145,Bidhannagar,4
19,West Bengal,303,North 24 Parganas,250121,Bongaon,5
19,West Bengal,303,North 24 Parganas,250143,Dum Dum,5
19,West Bengal,303,North 24 Parganas,250129,Garulia,5
19,West Bengal,303,North 24 Parganas,250126,Gobardanga,5
19,West Bengal,303,North 24 Parganas,250127,Habra,5
19,West Bengal,303,North 24 Parganas,250123,Halisahar,5
19,West Bengal,303,North 24 Parganas,250140,Kamarhati,5
19,West Bengal,303,North 24 Parganas,250122,Kanchrapara,5
19,West Bengal,303,North 24 Parganas,250137,Khardah,5
19,West Bengal,303,North 24 Parganas,250136,Madhyamgram,5
19,West Bengal,303,North 24 Parganas,250124,Naihati,5
19,West Bengal,303,North 24 Parganas,250139,New Barrackpore,5
19,West Bengal,303,North 24 Parganas,250131,North Barrackpore,5
19,West Bengal,303,North 24 Parganas,250142,North Dum Dum,5
19,West Bengal,303,North 24 Parganas,250138,Panihati,5
19,West Bengal,303,North 24 Parganas,250144,South Dum Dum,5
19,West Bengal,303,North 24 Parganas,250148,Taki,5
19,West Bengal,303,North 24 Parganas,250133,Titagarh,5
19,West Bengal,704,Paschim Bardhaman,250032,Asansol,4
19,West Bengal,704,Paschim Bardhaman,250034,Durgapur,4
19,West Bengal,318,Paschim Medinipur,250226,Chandrakona,5
19,West Bengal,318,Paschim Medinipur,250229,Ghatal,5
19,West Bengal,318,Paschim Medinipur,250231,Jhargram,5
19,West Bengal,318,Paschim Medinipur,250232,Kharagpur,5
19,West Bengal,318,Paschim Medinipur,250228,Kharar,5
19,West Bengal,318,Paschim Medinipur,250227,Khirpai,5
19,West Bengal,318,Paschim Medinipur,250230,Midnapore,5
19,West Bengal,318,Paschim Medinipur,250225,Ramjibanpur,5
19,West Bengal,306,Purba Bardhaman,250038,Burdwan,5
19,West Bengal,306,Purba Bardhaman,250036,Dainhat,5
19,West Bengal,306,Purba Bardhaman,250037,Guskara,5
19,West Bengal,306,Purba Bardhaman,250040,Kalna,5
19,West Bengal,306,Purba Bardhaman,250035,Katwa,5
19,West Bengal,306,Purba Bardhaman,250039,Memari,5
19,West Bengal,317,Purba Medinipur,250236,Contai,5
19,West Bengal,317,Purba Medinipur,250235,Egra,5
19,West Bengal,317,Purba Medinipur,250234,Haldia,5
19,West Bengal,317,Purba Medinipur,253229,Panskura,5
19,West Bengal,317,Purba Medinipur,250233,Tamralipta,5
19,West Bengal,321,Purulia,250214,Jhalda,5
19,West Bengal,321,Purulia,250215,Purulia,5
19,West Bengal,321,Purulia,250213,Raghunathpur,5
19,West Bengal,304,South 24 Parganas,250304,Baruipur,5
19,West Bengal,304,South 24 Parganas,250301,Budge Budge,5
19,West Bengal,304,South 24 Parganas,250305,Diamond Harbour,5
19,West Bengal,304,South 24 Parganas,250306,Jaynagar Mazilpur,5
19,West Bengal,304,South 24 Parganas,250299,Kolkata,4
19,West Bengal,304,South 24 Parganas,250300,Maheshtala,5
19,West Bengal,304,South 24 Parganas,250302,Pujali,5
19,West Bengal,304,South 24 Parganas,250303,Rajpur Sonarpur,5
19,West Bengal,311,Uttar Dinajpur,249985,Dalkhola,5
19,West Bengal,311,Uttar Dinajpur,249982,Islampore,5
19,West Bengal,311,Uttar Dinajpur,249984,Kaliaganj,5
19,West Bengal,311,Uttar Dinajpur,249983,Raiganj,5
